Store,MAIN_BARCODE,RETAIL PRICE,MARKDOWN PERC,SELL PRICE,TOTAL DISCOUNT,WAC PER TRANSACTION,TransType,SOLD QTY,SALES AMOUNT W/O VAT,WAC AMOUNT PER TRANSACTION,MARGIN,NET_VALUE
124,193392133712,1099000,0,1099000,0,343542.5438,45,1,999090.9091,343542.5438,655548.3653,1099000
124,193394068227,799000,0,799000,0,237638.4157,45,1,726363.6364,237638.4157,488725.2207,799000
124,193390439250,849000,0,849000,0,261536.82,45,1,771818.1818,261536.82,510281.3618,849000
124,193395087241,1499000,0,1499000,0,454169.795,45,1,1362727.273,454169.795,908557.4777,1499000
124,193392301036,399000,0,399000,0,127809.6188,45,1,362727.2727,127809.6188,234917.654,399000
124,190286362814,199000,0,199000,0,49540.96356,45,1,180909.0909,49540.96356,131368.1274,199000
124,700053804135,749000,0,749000,0,298453.5113,45,1,680909.0909,298453.5113,382455.5797,749000
124,772259440967,1479000,0,1479000,0,471872.4188,45,1,1344545.455,471872.4188,872673.0358,1479000
124,700053288515,699000,0,699000,0,257726.209,45,1,635454.5455,257726.209,377728.3365,699000
124,700053288546,699000,0,699000,0,255126.7791,45,1,635454.5455,255126.7791,380327.7664,699000
124,193394053797,1099000,0,1099000,0,331409.6375,45,1,999090.9091,331409.6375,667681.2716,1099000
124,700053288898,699000,0,699000,0,255403.8027,45,1,635454.5455,255403.8027,380050.7428,699000
124,700053288539,699000,0,699000,0,258051.8299,45,1,635454.5455,258051.8299,377402.7155,699000
124,700053288959,699000,0,699000,0,255608.5265,45,1,635454.5455,255608.5265,379846.0189,699000
124,700053288539,699000,0,699000,0,258051.8299,45,1,635454.5455,258051.8299,377402.7155,699000
124,193395088118,1349000,0,1349000,0,398395.35,45,1,1226363.636,398395.35,827968.2864,1349000
124,193392106457,499000,0,499000,0,155383.2,45,1,453636.3636,155383.2,298253.1636,499000
124,192360431386,1499000,0,1499000,0,472549.5863,45,1,1362727.273,472549.5863,890177.6865,1499000
124,193395059651,1149000,0,1149000,0,346121.82,45,1,1044545.455,346121.82,698423.6345,1149000
124,700053804241,749000,0,749000,0,300584.6018,45,1,680909.0909,300584.6018,380324.4891,749000
124,700053288874,699000,0,699000,0,255886.8098,45,1,635454.5455,255886.8098,379567.7357,699000
124,193394058143,999000,0,999000,0,305962.8878,45,1,908181.8182,305962.8878,602218.9304,999000
124,658100946775,699000,0,699000,0,248441.7277,45,1,635454.5455,248441.7277,387012.8177,699000
124,700053804128,749000,0,749000,0,300677.1984,45,1,680909.0909,300677.1984,380231.8925,749000
124,193394091218,949000,0,949000,0,300014.4375,45,1,862727.2727,300014.4375,562712.8352,949000
124,700053630024,849000,0,849000,0,377765.9407,45,1,771818.1818,377765.9407,394052.2411,849000
124,700053630000,849000,0,849000,0,377716.2331,45,1,771818.1818,377716.2331,394101.9487,849000
124,700053288911,699000,0,699000,0,255686.1464,45,1,635454.5455,255686.1464,379768.399,699000
124,193392111796,129000,0,129000,0,33122.98125,45,1,117272.7273,33122.98125,84149.74602,129000
124,700053804142,749000,0,749000,0,300759.4164,45,1,680909.0909,300759.4164,380149.6745,749000
124,193394091881,949000,0,949000,0,287800.5938,45,1,862727.2727,287800.5938,574926.679,949000
124,193394055180,1099000,0,1099000,0,314237.5656,45,1,999090.9091,314237.5656,684853.3435,1099000
124,192825081446,349000,0,349000,0,117231.075,45,1,317272.7273,117231.075,200041.6523,349000
124,193392168127,199000,0,199000,0,61910.49375,45,1,180909.0909,61910.49375,118998.5972,199000
124,190287473007,199000,0,199000,0,52173.95872,45,1,180909.0909,52173.95872,128735.1322,199000
124,193395086466,1999000,0,1999000,0,705326.2313,45,1,1817272.727,705326.2313,1111946.496,1999000
124,193395084158,2199000,0,2199000,0,703092.555,45,1,1999090.909,703092.555,1295998.354,2199000
124,772204278300,1629000,0,1629000,0,518175.225,45,1,1480909.091,518175.225,962733.8659,1629000
124,193394054275,1099000,0,1099000,0,331407.4721,45,1,999090.9091,331407.4721,667683.437,1099000
124,190287473007,199000,0,199000,0,52173.95872,45,1,180909.0909,52173.95872,128735.1322,199000
124,193394052516,1099000,0,1099000,0,307157.9248,45,1,999090.9091,307157.9248,691932.9843,1099000
124,700053843561,749000,0,749000,0,288703.4848,45,1,680909.0909,288703.4848,392205.6062,749000
124,193393074830,1199000,0,1199000,0,382083.6042,45,1,1090000,382083.6042,707916.3958,1199000
124,190286362814,199000,0,199000,0,49540.96356,45,1,180909.0909,49540.96356,131368.1274,199000
124,193391143385,1199000,0,1199000,0,353109.435,45,1,1090000,353109.435,736890.565,1199000
124,700053843561,749000,0,749000,0,288703.4848,45,1,680909.0909,288703.4848,392205.6062,749000
124,700053629394,849000,0,849000,0,377166.5671,45,1,771818.1818,377166.5671,394651.6147,849000
124,193395012632,1449000,0,1449000,0,447439.9967,45,1,1317272.727,447439.9967,869832.7306,1449000
124,193395053611,1599000,0,1599000,0,492623.04,45,1,1453636.364,492623.04,961013.3236,1599000
124,680975167146,1099000,0,1099000,0,350515.35,45,1,999090.9091,350515.35,648575.5591,1099000
124,700053288874,699000,0,699000,0,255886.8098,45,1,635454.5455,255886.8098,379567.7357,699000
124,193394087426,899000,0,899000,0,254295.45,45,1,817272.7273,254295.45,562977.2773,899000
124,193391172132,599000,0,599000,0,188853.0188,45,1,544545.4545,188853.0188,355692.4358,599000
124,193395023126,1099000,0,1099000,0,342685.2102,45,1,999090.9091,342685.2102,656405.6989,1099000
124,193392111550,99000,0,99000,0,25319.1375,45,1,90000,25319.1375,64680.8625,99000
124,193392111529,149000,0,149000,0,34683.75,45,1,135454.5455,34683.75,100770.7955,149000
124,193392301036,399000,0,399000,0,127809.6188,45,1,362727.2727,127809.6188,234917.654,399000
124,700053288911,699000,0,699000,0,255686.1464,45,1,635454.5455,255686.1464,379768.399,699000
124,193395090319,1299000,0,1299000,0,411226.3575,45,1,1180909.091,411226.3575,769682.7334,1299000
124,193391111490,199000,0,199000,0,63644.68125,45,1,180909.0909,63644.68125,117264.4097,199000
124,193392111802,99000,0,99000,0,30001.44375,45,1,90000,30001.44375,59998.55625,99000
124,193392168943,249000,0,249000,49800,83414.41875,45,1,181090.9091,83414.41875,97676.49034,199200
124,193391315898,1099000,0,1099000,0,345888.0425,45,1,999090.9091,345888.0425,653202.8666,1099000
124,772259439411,1099000,0,1099000,0,340704.905,45,1,999090.9091,340704.905,658386.0041,1099000
124,193391315607,1099000,0,1099000,0,345888.0425,45,1,999090.9091,345888.0425,653202.8666,1099000
124,772259427791,1549000,0,1549000,0,493723.1813,45,1,1408181.818,493723.1813,914458.6369,1549000
124,193394062898,1099000,0,1099000,0,305634.1191,45,1,999090.9091,305634.1191,693456.79,1099000
124,193392111819,99000,0,99000,0,30001.44375,45,1,90000,30001.44375,59998.55625,99000
124,772259427609,1549000,0,1549000,0,493723.1813,45,1,1408181.818,493723.1813,914458.6369,1549000
124,193395043551,1299000,0,1299000,0,384420.1909,45,1,1180909.091,384420.1909,796488.9,1299000
124,193391170916,499000,0,499000,0,146538.8438,45,1,453636.3636,146538.8438,307097.5199,499000
124,193392300930,549000,0,549000,0,165961.7438,45,1,499090.9091,165961.7438,333129.1653,549000
124,193395084158,2199000,0,2199000,0,703092.555,45,1,1999090.909,703092.555,1295998.354,2199000
124,193391112688,249000,0,249000,0,70962.17625,45,1,226363.6364,70962.17625,155401.4601,249000
124,193391170916,499000,0,499000,0,146538.8438,45,1,453636.3636,146538.8438,307097.5199,499000
124,193392168905,249000,0,249000,0,83414.41875,45,1,226363.6364,83414.41875,142949.2176,249000
124,772259427890,1549000,0,1549000,0,493723.1813,45,1,1408181.818,493723.1813,914458.6369,1549000
124,193392111802,99000,0,99000,0,30001.44375,45,1,90000,30001.44375,59998.55625,99000
124,772259439565,1099000,0,1099000,0,340704.905,45,1,999090.9091,340704.905,658386.0041,1099000
124,193394069248,799000,0,799000,0,245876.2088,45,1,726363.6364,245876.2088,480487.4276,799000
124,193391315157,1099000,0,1099000,0,345888.0425,45,1,999090.9091,345888.0425,653202.8666,1099000
124,193392168073,399000,0,399000,0,126248.85,45,1,362727.2727,126248.85,236478.4227,399000
124,192360069039,599000,0,599000,0,177545.4563,45,1,544545.4545,177545.4563,366999.9983,599000
124,193395043551,1299000,0,1299000,0,384420.1909,45,1,1180909.091,384420.1909,796488.9,1299000
124,772259420907,1599000,0,1599000,0,510718.2188,45,1,1453636.364,510718.2188,942918.1449,1599000
124,190543540122,999000,0,999000,0,331750.0688,45,1,908181.8182,331750.0688,576431.7494,999000
124,193391317007,1399000,0,1399000,0,454042.845,45,1,1271818.182,454042.845,817775.3368,1399000
124,192360431386,1499000,0,1499000,0,472549.5863,45,1,1362727.273,472549.5863,890177.6865,1499000
124,193390162394,399000,0,399000,0,111508.2563,45,1,362727.2727,111508.2563,251219.0165,399000
124,193395003609,999000,0,999000,0,312626.16,45,1,908181.8182,312626.16,595555.6582,999000
124,193392111789,149000,0,149000,0,42268.0275,45,1,135454.5455,42268.0275,93186.51795,149000
124,193394069293,799000,0,799000,0,245857.7863,45,1,726363.6364,245857.7863,480505.8501,799000
124,193391316901,1399000,0,1399000,0,454042.845,45,1,1271818.182,454042.845,817775.3368,1399000
124,193391315980,1099000,0,1099000,0,345888.0425,45,1,999090.9091,345888.0425,653202.8666,1099000
124,193395068127,1599000,0,1599000,0,498374.82,45,1,1453636.364,498374.82,955261.5436,1599000
124,192825518751,1549000,0,1549000,0,533089.2375,45,1,1408181.818,533089.2375,875092.5807,1549000
124,193391316048,1099000,0,1099000,0,345888.0425,45,1,999090.9091,345888.0425,653202.8666,1099000
162,193391172163,599000,0,599000,0,184707.8438,45,1,544545.4545,184707.8438,359837.6108,599000
162,193395053550,1599000,0,1599000,0,493807.23,45,1,1453636.364,493807.23,959829.1336,1599000
162,193392312247,349000,0,349000,0,105670.0688,45,1,317272.7273,105670.0688,211602.6585,349000
162,192825080913,349000,0,349000,0,104810.9625,45,1,317272.7273,104810.9625,212461.7648,349000
162,193391134239,549000,0,549000,0,169950.375,45,1,499090.9091,169950.375,329140.5341,549000
162,192825080913,349000,0,349000,0,104810.9625,45,1,317272.7273,104810.9625,212461.7648,349000
162,700053288553,699000,0,699000,0,258135.7721,45,1,635454.5455,258135.7721,377318.7734,699000
162,193392312247,349000,0,349000,0,105670.0688,45,1,317272.7273,105670.0688,211602.6585,349000
162,888366278178,299000,0,299000,0,87628.8375,45,1,271818.1818,87628.8375,184189.3443,299000
162,193395086688,2199000,0,2199000,0,705326.2313,45,1,1999090.909,705326.2313,1293764.678,2199000
162,193395087357,2199000,0,2199000,0,705326.2313,45,1,1999090.909,705326.2313,1293764.678,2199000
162,700053630017,849000,0,849000,0,374913.9675,45,1,771818.1818,374913.9675,396904.2143,849000
162,193394098484,849000,0,849000,0,247834.05,45,1,771818.1818,247834.05,523984.1318,849000
162,193394066834,799000,0,799000,0,212999.45,45,1,726363.6364,212999.45,513364.1864,799000
162,193394067046,799000,0,799000,0,212999.45,45,1,726363.6364,212999.45,513364.1864,799000
162,193394066971,799000,0,799000,0,247354.2,45,1,726363.6364,247354.2,479009.4364,799000
162,193394085804,999000,0,999000,0,327619.4438,45,1,908181.8182,327619.4438,580562.3744,999000
162,193395012557,999000,0,999000,0,312626.16,45,1,908181.8182,312626.16,595555.6582,999000
162,700053630048,849000,0,849000,0,377549.5308,45,1,771818.1818,377549.5308,394268.651,849000
162,193395061982,1299000,0,1299000,0,393996.93,45,1,1180909.091,393996.93,786912.1609,1299000
162,700053288515,699000,0,699000,0,257726.209,45,1,635454.5455,257726.209,377728.3365,699000
162,887040637799,799000,0,799000,0,216651.4028,45,1,726363.6364,216651.4028,509712.2336,799000
162,193395008079,1199000,0,1199000,0,363884.67,45,1,1090000,363884.67,726115.33,1199000
162,772259440899,1479000,0,1479000,0,471872.4188,45,1,1344545.455,471872.4188,872673.0358,1479000
162,680975168266,1099000,0,1099000,0,350515.35,45,1,999090.9091,350515.35,648575.5591,1099000
162,192824387204,149000,0,149000,0,38950.89625,45,1,135454.5455,38950.89625,96503.6492,149000
162,700053804142,749000,0,749000,0,300759.4164,45,1,680909.0909,300759.4164,380149.6745,749000
162,192824159337,949000,0,949000,0,295398.3883,45,1,862727.2727,295398.3883,567328.8845,949000
162,193394084555,949000,0,949000,0,299259.4161,45,1,862727.2727,299259.4161,563467.8567,949000
162,888366277812,249000,0,249000,0,84707.87625,45,1,226363.6364,84707.87625,141655.7601,249000
162,772259446976,1149000,0,1149000,0,360400.8275,45,1,1044545.455,360400.8275,684144.627,1149000
162,700053630000,849000,0,849000,0,377716.2331,45,1,771818.1818,377716.2331,394101.9487,849000
162,193394085804,999000,0,999000,0,327619.4438,45,1,908181.8182,327619.4438,580562.3744,999000
162,193391170916,499000,0,499000,0,146538.8438,45,1,453636.3636,146538.8438,307097.5199,499000
162,888654796254,849000,0,849000,0,223711.2675,45,1,771818.1818,223711.2675,548106.9143,849000
162,700053287945,699000,0,699000,0,257419.927,45,1,635454.5455,257419.927,378034.6184,699000
162,192824181277,1099000,0,1099000,0,341524.8688,45,1,999090.9091,341524.8688,657566.0403,1099000
162,193394083916,949000,0,949000,0,299265.5296,45,1,862727.2727,299265.5296,563461.7431,949000
162,680975168266,1099000,0,1099000,0,350515.35,45,1,999090.9091,350515.35,648575.5591,1099000
162,193395087111,2199000,0,2199000,0,705326.2313,45,1,1999090.909,705326.2313,1293764.678,2199000
162,766182782164,99000,0,99000,99000,26302.75234,45,1,0,26302.75234,-26302.75234,0
162,191163314155,1499000,0,1499000,0,478046.3463,45,1,1362727.273,478046.3463,884680.9265,1499000
162,766182782164,99000,0,99000,99000,26302.75234,45,1,0,26302.75234,-26302.75234,0
162,700053629394,849000,0,849000,0,377166.5671,45,1,771818.1818,377166.5671,394651.6147,849000
162,766182782164,99000,0,99000,99000,26302.75234,45,1,0,26302.75234,-26302.75234,0
162,700053630000,849000,0,849000,0,377716.2331,45,1,771818.1818,377716.2331,394101.9487,849000
162,766182782164,99000,0,99000,99000,26302.75234,45,1,0,26302.75234,-26302.75234,0
162,193394039388,1399000,0,1399000,0,435691.5701,45,1,1271818.182,435691.5701,836126.6118,1399000
162,766182782164,99000,0,99000,99000,26302.75234,45,1,0,26302.75234,-26302.75234,0
162,192360418455,1499000,0,1499000,0,391653.6583,45,1,1362727.273,391653.6583,971073.6144,1499000
162,193395005023,999000,0,999000,0,312626.16,45,1,908181.8182,312626.16,595555.6582,999000
162,192824355364,99000,0,99000,99000,25375.5,45,1,0,25375.5,-25375.5,0
162,193395084271,2199000,0,2199000,0,703092.555,45,1,1999090.909,703092.555,1295998.354,2199000
162,192824355364,99000,0,99000,99000,25375.5,45,1,0,25375.5,-25375.5,0
162,193395005023,999000,0,999000,0,312626.16,45,1,908181.8182,312626.16,595555.6582,999000
162,193392113639,99000,0,99000,99000,25257.72375,45,1,0,25257.72375,-25257.72375,0
162,193392111802,99000,0,99000,0,30001.44375,45,1,90000,30001.44375,59998.55625,99000
162,193395063405,1499000,0,1499000,0,462758.4825,45,1,1362727.273,462758.4825,899968.7902,1499000
162,193392114032,99000,0,99000,99000,25257.72375,45,1,0,25257.72375,-25257.72375,0
162,193395039813,1029000,0,1029000,0,309899.3063,45,1,935454.5455,309899.3063,625555.2392,1029000
162,193395043377,1299000,0,1299000,0,384420.1909,45,1,1180909.091,384420.1909,796488.9,1299000
162,193392114032,99000,0,99000,99000,25257.72375,45,1,0,25257.72375,-25257.72375,0
162,700053288942,699000,0,699000,0,254467.2713,45,1,635454.5455,254467.2713,380987.2742,699000
162,193392168127,199000,0,199000,0,61910.49375,45,1,180909.0909,61910.49375,118998.5972,199000
162,700053843677,749000,0,749000,0,288770.4472,45,1,680909.0909,288770.4472,392138.6437,749000
162,192824355135,99000,0,99000,99000,25683.77875,45,1,0,25683.77875,-25683.77875,0
162,193395086985,2199000,0,2199000,0,705326.2313,45,1,1999090.909,705326.2313,1293764.678,2199000
162,192824355135,99000,0,99000,99000,25683.77875,45,1,0,25683.77875,-25683.77875,0
162,190284927916,1549000,0,1549000,0,474102.0182,45,1,1408181.818,474102.0182,934079.8,1549000
162,192825081880,399000,0,399000,0,124954.5,45,1,362727.2727,124954.5,237772.7727,399000
162,193394051847,1099000,0,1099000,0,307112.3473,45,1,999090.9091,307112.3473,691978.5618,1099000
162,193394097418,799000,0,799000,0,253901.1946,45,1,726363.6364,253901.1946,472462.4418,799000
162,193394084456,949000,0,949000,0,300014.4375,45,1,862727.2727,300014.4375,562712.8352,949000
162,193394087082,899000,0,899000,0,282052.4975,45,1,817272.7273,282052.4975,535220.2298,899000
162,193391172415,699000,0,699000,0,218681.0438,45,1,635454.5455,218681.0438,416773.5017,699000
162,700053630062,849000,0,849000,0,377819.0275,45,1,771818.1818,377819.0275,393999.1543,849000
162,700053288911,699000,0,699000,0,255686.1464,45,1,635454.5455,255686.1464,379768.399,699000
162,193394071890,999000,0,999000,0,310742.7975,45,1,908181.8182,310742.7975,597439.0207,999000
162,700053288959,699000,0,699000,0,255608.5265,45,1,635454.5455,255608.5265,379846.0189,699000
162,192824389697,99000,0,99000,0,31215.375,45,1,90000,31215.375,58784.625,99000
162,192828074230,999000,0,999000,0,300721.33,45,1,908181.8182,300721.33,607460.4882,999000
162,193394041718,1199000,0,1199000,0,360544.4507,45,1,1090000,360544.4507,729455.5493,1199000
162,680975167429,1099000,0,1099000,0,350515.35,45,1,999090.9091,350515.35,648575.5591,1099000
162,772204279246,1549000,0,1549000,0,484450.585,45,1,1408181.818,484450.585,923731.2332,1549000
125,700053287976,699000,0,699000,0,256263.2973,45,1,635454.5455,256263.2973,379191.2482,699000
125,700053630000,849000,0,849000,0,377716.2331,46,1,771818.1818,377716.2331,394101.9487,849000
125,700053629400,849000,0,849000,0,377246.681,45,1,771818.1818,377246.681,394571.5009,849000
125,700053630062,849000,0,849000,0,377819.0275,45,1,771818.1818,377819.0275,393999.1543,849000
125,700053804043,749000,0,749000,0,300213.456,45,1,680909.0909,300213.456,380695.6349,749000
125,700053288867,699000,0,699000,0,255824.3663,45,1,635454.5455,255824.3663,379630.1792,699000
125,700053287976,699000,0,699000,0,256263.2973,45,1,635454.5455,256263.2973,379191.2482,699000
125,700053629455,849000,0,849000,0,377569.4556,45,1,771818.1818,377569.4556,394248.7262,849000
125,032546871004,849000,0,849000,0,384248.4859,45,1,771818.1818,384248.4859,387569.696,849000
125,191477502866,449000,20,359200,0,167342.175,45,1,326545.4545,167342.175,159203.2795,359200
125,700053288898,699000,0,699000,0,255403.8027,45,1,635454.5455,255403.8027,380050.7428,699000
125,700053288546,699000,0,699000,0,255126.7791,45,1,635454.5455,255126.7791,380327.7664,699000
125,192826081483,1599000,0,1599000,0,542372,45,1,1453636.364,542372,911264.3636,1599000
125,193391138268,449000,0,449000,0,141856.5375,45,1,408181.8182,141856.5375,266325.2807,449000
125,700053288539,699000,0,699000,0,258051.8299,45,1,635454.5455,258051.8299,377402.7155,699000
125,658100946744,699000,0,699000,0,254467.2713,45,1,635454.5455,254467.2713,380987.2742,699000
125,700053630062,849000,0,849000,0,377819.0275,45,1,771818.1818,377819.0275,393999.1543,849000
125,700053630086,849000,0,849000,0,378414.0327,45,1,771818.1818,378414.0327,393404.1491,849000
125,193392106259,399000,0,399000,0,104467.32,45,1,362727.2727,104467.32,258259.9527,399000
125,193391172163,599000,0,599000,0,184707.8438,45,1,544545.4545,184707.8438,359837.6108,599000
125,193394086016,949000,0,949000,0,287800.5938,45,1,862727.2727,287800.5938,574926.679,949000
125,193394091928,949000,0,949000,0,287769.5146,45,1,862727.2727,287769.5146,574957.7581,949000
125,192360419216,1499000,0,1499000,0,392165.3054,45,1,1362727.273,392165.3054,970561.9673,1499000
125,193394084876,799000,0,799000,0,247834.05,45,1,726363.6364,247834.05,478529.5864,799000
125,193395007782,1199000,0,1199000,0,363884.67,45,1,1090000,363884.67,726115.33,1199000
125,700053629394,849000,0,849000,0,377166.5671,45,1,771818.1818,377166.5671,394651.6147,849000
125,193395024796,1099000,0,1099000,0,335781.6778,45,1,999090.9091,335781.6778,663309.2313,1099000
125,193394057733,999000,0,999000,0,306013.6463,45,1,908181.8182,306013.6463,602168.1719,999000
125,193390162394,399000,0,399000,0,111508.2563,45,1,362727.2727,111508.2563,251219.0165,399000
125,192363445908,499000,0,499000,0,159921.3613,45,1,453636.3636,159921.3613,293715.0024,499000
125,700053288553,699000,0,699000,0,258135.7721,45,1,635454.5455,258135.7721,377318.7734,699000
125,700053288928,699000,0,699000,0,254467.2713,45,1,635454.5455,254467.2713,380987.2742,699000
125,193395063054,1599000,0,1599000,0,493299.72,45,1,1453636.364,493299.72,960336.6436,1599000
125,193392312261,399000,0,399000,0,138041.325,45,1,362727.2727,138041.325,224685.9477,399000
125,192824102999,1799000,0,1799000,0,585025.8088,45,1,1635454.545,585025.8088,1050428.737,1799000
125,193394053797,1099000,0,1099000,0,331409.6375,45,1,999090.9091,331409.6375,667681.2716,1099000
125,193395059514,1149000,0,1149000,0,346121.82,45,1,1044545.455,346121.82,698423.6345,1149000
125,700053288867,699000,0,699000,0,255824.3663,45,1,635454.5455,255824.3663,379630.1792,699000
125,193395086466,1999000,0,1999000,0,705326.2313,45,1,1817272.727,705326.2313,1111946.496,1999000
125,193395013684,1299000,0,1299000,0,436267.403,45,1,1180909.091,436267.403,744641.6879,1299000
125,193395085780,2199000,0,2199000,0,701546.1638,45,1,1999090.909,701546.1638,1297544.745,2199000
125,193394051533,999000,0,999000,0,300492.1046,45,1,908181.8182,300492.1046,607689.7136,999000
125,700053804289,749000,0,749000,0,298605.1381,45,1,680909.0909,298605.1381,382303.9528,749000
125,191167687385,149000,0,149000,0,42134.35314,45,1,135454.5455,42134.35314,93320.19231,149000
125,193394093366,1099000,0,1099000,0,338394.2875,45,1,999090.9091,338394.2875,660696.6216,1099000
125,193395001506,1399000,0,1399000,0,457388.1675,45,1,1271818.182,457388.1675,814430.0143,1399000
125,192826035301,99000,0,99000,0,24340.86,45,1,90000,24340.86,65659.14,99000
125,193394087235,899000,0,899000,0,265723.6,45,1,817272.7273,265723.6,551549.1273,899000
125,193395008277,1199000,0,1199000,0,369587.5088,45,1,1090000,369587.5088,720412.4913,1199000
125,700053288935,699000,0,699000,0,255817.8455,45,1,635454.5455,255817.8455,379636.7,699000
125,193391122366,499000,0,499000,0,154689.525,45,1,453636.3636,154689.525,298946.8386,499000
125,193394068227,799000,0,799000,0,239763.5817,45,1,726363.6364,239763.5817,486600.0547,799000
125,193392112595,149000,0,149000,0,43642.5975,45,1,135454.5455,43642.5975,91811.94795,149000
125,193393074243,1149000,0,1149000,0,358590.9488,45,1,1044545.455,358590.9488,685954.5058,1149000
125,193392111802,99000,0,99000,0,30001.44375,45,1,90000,30001.44375,59998.55625,99000
125,700053288942,699000,0,699000,0,254467.2713,45,1,635454.5455,254467.2713,380987.2742,699000
125,700053288942,699000,0,699000,0,254467.2713,45,1,635454.5455,254467.2713,380987.2742,699000
125,193391172415,699000,0,699000,0,218681.0438,45,1,635454.5455,218681.0438,416773.5017,699000
125,193394057177,999000,0,999000,0,305977.7056,45,1,908181.8182,305977.7056,602204.1126,999000
125,192824355142,99000,0,99000,99000,25683.77875,45,1,0,25683.77875,-25683.77875,0
125,193391170916,499000,0,499000,0,146538.8438,45,1,453636.3636,146538.8438,307097.5199,499000
125,193391118413,549000,0,549000,0,161799.6938,45,1,499090.9091,161799.6938,337291.2153,549000
125,193394055890,1099000,0,1099000,0,331443.1913,45,1,999090.9091,331443.1913,667647.7178,1099000
125,192824355395,99000,0,99000,99000,25683.77875,45,1,0,25683.77875,-25683.77875,0
125,772259282543,749000,0,749000,0,213058.35,45,1,680909.0909,213058.35,467850.7409,749000
125,193391315737,1099000,0,1099000,0,345888.0425,45,1,999090.9091,345888.0425,653202.8666,1099000
125,193392106129,399000,0,399000,0,114456.375,45,1,362727.2727,114456.375,248270.8977,399000
125,193395011543,1449000,0,1449000,0,445788.6461,45,1,1317272.727,445788.6461,871484.0811,1449000
125,192362289886,99000,0,99000,99000,27262.8,45,1,0,27262.8,-27262.8,0
125,193395054076,1599000,0,1599000,0,505818.3,45,1,1453636.364,505818.3,947818.0636,1599000
125,192362289886,99000,0,99000,99000,27262.8,45,1,0,27262.8,-27262.8,0
125,193395043476,1299000,0,1299000,0,384420.1909,45,1,1180909.091,384420.1909,796488.9,1299000
125,193395059699,1499000,0,1499000,0,469972.98,45,1,1362727.273,469972.98,892754.2927,1499000
125,192362289886,99000,0,99000,99000,27262.8,45,1,0,27262.8,-27262.8,0
125,193394096206,999000,0,999000,0,309389.5141,45,1,908181.8182,309389.5141,598792.3041,999000
125,192824131661,1549000,0,1549000,0,498058.65,45,1,1408181.818,498058.65,910123.1682,1549000
125,193392114032,99000,0,99000,99000,25257.72375,45,1,0,25257.72375,-25257.72375,0
125,700053654488,849000,0,849000,0,465913.5007,45,1,771818.1818,465913.5007,305904.6811,849000
125,193394097296,799000,0,799000,0,253914.3648,45,1,726363.6364,253914.3648,472449.2715,799000
125,766182782164,99000,0,99000,99000,26065.06968,45,1,0,26065.06968,-26065.06968,0
125,193394085248,799000,0,799000,0,247834.05,45,1,726363.6364,247834.05,478529.5864,799000
125,766182782164,99000,0,99000,99000,26065.06968,45,1,0,26065.06968,-26065.06968,0
125,192827099586,1399000,0,1399000,0,422922.4425,45,1,1271818.182,422922.4425,848895.7393,1399000
125,766182782164,99000,0,99000,99000,26065.06968,45,1,0,26065.06968,-26065.06968,0
125,193394090419,899000,0,899000,0,315720.1525,45,1,817272.7273,315720.1525,501552.5748,899000
125,766182782164,99000,0,99000,99000,26065.06968,45,1,0,26065.06968,-26065.06968,0
125,680975168624,1099000,0,1099000,0,350515.35,45,1,999090.9091,350515.35,648575.5591,1099000
125,193395090692,1499000,0,1499000,0,454898.13,45,1,1362727.273,454898.13,907829.1427,1499000
125,700053804654,749000,0,749000,0,265115.737,45,1,680909.0909,265115.737,415793.3539,749000
125,700053334007,699000,0,699000,0,253159.0139,45,1,635454.5455,253159.0139,382295.5315,699000
125,700053334007,699000,0,699000,0,253159.0139,45,1,635454.5455,253159.0139,382295.5315,699000
125,193391171074,99000,0,99000,0,32949.5625,45,1,90000,32949.5625,57050.4375,99000
125,192824389697,99000,0,99000,0,31215.375,45,1,90000,31215.375,58784.625,99000
125,193392301203,149000,0,149000,0,36417.9375,45,1,135454.5455,36417.9375,99036.60795,149000
125,193394045327,1199000,0,1199000,0,390331.71,45,1,1090000,390331.71,699668.29,1199000
125,193391170916,499000,0,499000,0,146538.8438,45,1,453636.3636,146538.8438,307097.5199,499000
125,193395066628,1299000,0,1299000,0,394157.9475,45,1,1180909.091,394157.9475,786751.1434,1299000
125,192826083838,1999000,20,1599200,0,553759.665,45,1,1453818.182,553759.665,900058.5168,1599200
125,193395066475,1299000,0,1299000,0,394157.9475,45,1,1180909.091,394157.9475,786751.1434,1299000
125,192824389697,99000,0,99000,0,31215.375,45,1,90000,31215.375,58784.625,99000
125,193395066321,1299000,0,1299000,0,394157.9475,45,1,1180909.091,394157.9475,786751.1434,1299000
125,193391172118,599000,0,599000,0,174570.39,45,1,544545.4545,174570.39,369975.0645,599000
125,193394091294,949000,0,949000,0,298934.9772,45,1,862727.2727,298934.9772,563792.2956,949000
123,700053654501,849000,0,849000,0,437898.9287,45,1,771818.1818,437898.9287,333919.2532,849000
123,772259440554,1479000,0,1479000,0,471872.4188,45,1,1344545.455,471872.4188,872673.0358,1479000
123,193394055180,1099000,0,1099000,0,314237.5656,45,1,999090.9091,314237.5656,684853.3435,1099000
123,193395008703,1199000,0,1199000,0,369587.5088,45,1,1090000,369587.5088,720412.4913,1199000
123,193392111796,129000,0,129000,0,33122.98125,45,1,117272.7273,33122.98125,84149.74602,129000
123,772204278324,1629000,0,1629000,0,518175.225,45,1,1480909.091,518175.225,962733.8659,1629000
123,193394062638,1099000,0,1099000,0,305628.2616,45,1,999090.9091,305628.2616,693462.6475,1099000
123,193395077952,1749000,0,1749000,0,558061.5375,45,1,1590000,558061.5375,1031938.463,1749000
123,193391146621,599000,0,599000,0,163013.625,45,1,544545.4545,163013.625,381531.8295,599000
123,679894069464,999000,0,999000,0,312327.1688,45,1,908181.8182,312327.1688,595854.6494,999000
123,700053843493,749000,0,749000,0,288485.9068,45,1,680909.0909,288485.9068,392423.1841,749000
123,700053287969,699000,0,699000,0,256186.4541,45,1,635454.5455,256186.4541,379268.0913,699000
123,193394062539,1099000,0,1099000,0,305670.0038,45,1,999090.9091,305670.0038,693420.9053,1099000
123,193392113899,99000,0,99000,0,25257.72375,45,1,90000,25257.72375,64742.27625,99000
123,193394087006,999000,0,999000,0,308075.5013,45,1,908181.8182,308075.5013,600106.3169,999000
123,193390162431,399000,0,399000,0,124861.5,45,1,362727.2727,124861.5,237865.7727,399000
123,700053287976,699000,0,699000,0,256263.2973,45,1,635454.5455,256263.2973,379191.2482,699000
123,680975167078,1099000,0,1099000,0,350515.35,45,1,999090.9091,350515.35,648575.5591,1099000
123,193392112342,129000,0,129000,0,35204.00625,45,1,117272.7273,35204.00625,82068.72102,129000
123,700053630024,849000,0,849000,0,377765.9407,45,1,771818.1818,377765.9407,394052.2411,849000
123,193391171470,199000,0,199000,0,61737.075,45,1,180909.0909,61737.075,119172.0159,199000
123,700053630000,849000,0,849000,0,377716.2331,45,1,771818.1818,377716.2331,394101.9487,849000
123,617932497787,749000,0,749000,0,283367.878,45,1,680909.0909,283367.878,397541.2129,749000
123,700053288911,699000,0,699000,0,255686.1464,45,1,635454.5455,255686.1464,379768.399,699000
123,700053288928,699000,0,699000,0,254467.2713,45,1,635454.5455,254467.2713,380987.2742,699000
123,700053288560,699000,0,699000,0,255126.7791,45,1,635454.5455,255126.7791,380327.7664,699000
123,193390125702,2299000,0,2299000,0,737919.54,45,1,2090000,737919.54,1352080.46,2299000
123,700053630000,849000,0,849000,0,377716.2331,45,1,771818.1818,377716.2331,394101.9487,849000
123,193395018566,1449000,0,1449000,0,446834.5015,45,1,1317272.727,446834.5015,870438.2258,1449000
123,887040637904,799000,0,799000,0,215198.2156,45,1,726363.6364,215198.2156,511165.4207,799000
123,193394072613,999000,0,999000,0,308590.965,45,1,908181.8182,308590.965,599590.8532,999000
123,847223025423,649000,0,649000,0,213825.3188,45,1,590000,213825.3188,376174.6813,649000
123,193394067756,1199000,0,1199000,0,367606.41,45,1,1090000,367606.41,722393.59,1199000
123,192360419971,1499000,0,1499000,0,399367.4005,45,1,1362727.273,399367.4005,963359.8722,1499000
123,700053629394,849000,0,849000,0,377166.5671,45,1,771818.1818,377166.5671,394651.6147,849000
123,193395062675,1149000,0,1149000,0,342569.25,45,1,1044545.455,342569.25,701976.2045,1149000
123,700053630000,849000,0,849000,0,377716.2331,45,1,771818.1818,377716.2331,394101.9487,849000
123,193392111635,249000,0,249000,0,73024.03125,45,1,226363.6364,73024.03125,153339.6051,249000
123,700053843509,749000,0,749000,0,288594.4068,45,1,680909.0909,288594.4068,392314.6841,749000
123,193392301036,399000,0,399000,0,127809.6188,45,1,362727.2727,127809.6188,234917.654,399000
123,772259434805,1199000,0,1199000,0,373358.6713,45,1,1090000,373358.6713,716641.3288,1199000
123,700053629370,849000,0,849000,0,377610.0784,45,1,771818.1818,377610.0784,394208.1034,849000
123,193394068272,799000,0,799000,0,237886.525,45,1,726363.6364,237886.525,488477.1114,799000
123,193394045594,1199000,0,1199000,0,390431.82,45,1,1090000,390431.82,699568.18,1199000
123,193392114032,99000,0,99000,0,25257.72375,45,1,90000,25257.72375,64742.27625,99000
123,193392111567,99000,0,99000,0,25492.55625,45,1,90000,25492.55625,64507.44375,99000
123,700053804159,749000,0,749000,0,298453.5113,45,1,680909.0909,298453.5113,382455.5797,749000
123,193395023041,1099000,0,1099000,0,330412.2638,45,1,999090.9091,330412.2638,668678.6453,1099000
123,700053804159,749000,0,749000,0,298453.5113,45,1,680909.0909,298453.5113,382455.5797,749000
123,193394057733,999000,0,999000,0,306013.6463,45,1,908181.8182,306013.6463,602168.1719,999000
123,193394057795,999000,0,999000,0,305981.8273,45,1,908181.8182,305981.8273,602199.9909,999000
123,193391134390,549000,0,549000,0,169950.375,45,1,499090.9091,169950.375,329140.5341,549000
123,772259434607,1199000,0,1199000,0,373358.6713,45,1,1090000,373358.6713,716641.3288,1199000
123,193394094530,1199000,0,1199000,0,372233.7163,45,1,1090000,372233.7163,717766.2838,1199000
123,193395029500,1199000,0,1199000,0,365635.62,45,1,1090000,365635.62,724364.38,1199000
123,193394083091,899000,0,899000,0,281384.5349,45,1,817272.7273,281384.5349,535888.1924,899000
123,193392111826,99000,0,99000,0,25319.1375,45,1,90000,25319.1375,64680.8625,99000
123,847223025423,649000,0,649000,0,213825.3188,45,1,590000,213825.3188,376174.6813,649000
123,772259446976,1149000,0,1149000,0,360400.8275,45,1,1044545.455,360400.8275,684144.627,1149000
123,193392353981,1099000,0,1099000,0,337290.9488,45,1,999090.9091,337290.9488,661799.9603,1099000
123,193395012632,1449000,0,1449000,0,448521.2382,45,1,1317272.727,448521.2382,868751.4891,1449000
123,193395008819,1199000,0,1199000,0,369587.5088,45,1,1090000,369587.5088,720412.4913,1199000
123,193394090211,899000,0,899000,0,315720.1525,45,1,817272.7273,315720.1525,501552.5748,899000
123,193392168073,399000,0,399000,0,126248.85,45,1,362727.2727,126248.85,236478.4227,399000
123,193392111772,149000,0,149000,0,34683.75,45,1,135454.5455,34683.75,100770.7955,149000
123,193394067299,1199000,0,1199000,0,368140.1788,45,1,1090000,368140.1788,721859.8213,1199000
123,680975168266,1099000,0,1099000,0,350515.35,45,1,999090.9091,350515.35,648575.5591,1099000
123,193394059638,799000,0,799000,0,213032.1722,45,1,726363.6364,213032.1722,513331.4641,799000
123,888654800005,849000,0,849000,0,241933.365,45,1,771818.1818,241933.365,529884.8168,849000
123,700053843509,749000,0,749000,0,288594.4068,45,1,680909.0909,288594.4068,392314.6841,749000
123,193395085933,2199000,0,2199000,0,701546.1638,45,1,1999090.909,701546.1638,1297544.745,2199000
123,193395053611,1599000,0,1599000,0,492623.04,45,1,1453636.364,492623.04,961013.3236,1599000
123,192824389697,99000,0,99000,0,31215.375,45,1,90000,31215.375,58784.625,99000
123,193394061990,1099000,0,1099000,0,305644.003,45,1,999090.9091,305644.003,693446.9061,1099000
123,193393074182,1149000,0,1149000,0,358590.9488,45,1,1044545.455,358590.9488,685954.5058,1149000
123,193391315041,1099000,0,1099000,0,345888.0425,45,1,999090.9091,345888.0425,653202.8666,1099000
123,193394096701,999000,0,999000,0,309097.5113,45,1,908181.8182,309097.5113,599084.3069,999000
123,772259438582,1099000,0,1099000,0,340704.905,45,1,999090.9091,340704.905,658386.0041,1099000
123,193395090692,1499000,0,1499000,0,454898.13,45,1,1362727.273,454898.13,907829.1427,1499000
123,193391315980,1099000,0,1099000,0,345888.0425,45,1,999090.9091,345888.0425,653202.8666,1099000
123,193395069056,1699000,0,1699000,0,539197.8013,45,1,1544545.455,539197.8013,1005347.653,1699000
123,772259439411,1099000,0,1099000,0,340704.905,45,1,999090.9091,340704.905,658386.0041,1099000
123,888654796346,849000,0,849000,0,264089.2613,45,1,771818.1818,264089.2613,507728.9206,849000
123,700053654488,849000,0,849000,0,432711.1613,45,1,771818.1818,432711.1613,339107.0206,849000
123,772259438445,1099000,0,1099000,0,340704.905,45,1,999090.9091,340704.905,658386.0041,1099000
123,193395061968,1599000,0,1599000,0,493299.72,45,1,1453636.364,493299.72,960336.6436,1599000
123,193394068777,799000,0,799000,0,245851.9329,45,1,726363.6364,245851.9329,480511.7035,799000
123,193394097258,799000,0,799000,0,253920.4,45,1,726363.6364,253920.4,472443.2364,799000
123,193392112526,149000,0,149000,0,54453.4875,45,1,135454.5455,54453.4875,81001.05795,149000
123,193391315270,1099000,0,1099000,0,345888.0425,45,1,999090.9091,345888.0425,653202.8666,1099000
123,193391138343,449000,0,449000,0,141683.1188,45,1,408181.8182,141683.1188,266498.6994,449000
123,193394097296,799000,0,799000,0,253914.3648,45,1,726363.6364,253914.3648,472449.2715,799000
123,772259438582,1099000,0,1099000,0,340704.905,45,1,999090.9091,340704.905,658386.0041,1099000
123,193395011246,999000,0,999000,0,309708.0713,45,1,908181.8182,309708.0713,598473.7469,999000
123,193391316901,1399000,0,1399000,0,454042.845,45,1,1271818.182,454042.845,817775.3368,1399000
123,772259438445,1099000,0,1099000,0,340704.905,45,1,999090.9091,340704.905,658386.0041,1099000
123,193392301180,149000,0,149000,0,36417.9375,45,1,135454.5455,36417.9375,99036.60795,149000
123,192824131579,1549000,0,1549000,0,498058.65,45,1,1408181.818,498058.65,910123.1682,1549000
123,192360419971,1499000,0,1499000,0,399367.4005,45,1,1362727.273,399367.4005,963359.8722,1499000
123,772259438131,1099000,0,1099000,0,340704.905,45,1,999090.9091,340704.905,658386.0041,1099000
123,193394097296,799000,0,799000,0,253914.3648,45,1,726363.6364,253914.3648,472449.2715,799000
123,193395039813,1029000,0,1029000,0,309899.3063,46,1,935454.5455,309899.3063,625555.2392,1029000
123,772259439138,1099000,0,1099000,0,340704.905,45,1,999090.9091,340704.905,658386.0041,1099000
123,193391112565,199000,0,199000,0,56185.54875,45,1,180909.0909,56185.54875,124723.5422,199000
123,193391173757,349000,0,349000,0,103704.4125,45,2,634545.4545,207408.825,427136.6295,698000
123,193392301180,149000,0,149000,0,36417.9375,45,1,135454.5455,36417.9375,99036.60795,149000
123,193391316857,1399000,0,1399000,0,454042.845,45,1,1271818.182,454042.845,817775.3368,1399000
123,193392168479,399000,0,399000,0,113415.8625,45,1,362727.2727,113415.8625,249311.4102,399000
123,193394096206,999000,0,999000,0,309389.5141,45,1,908181.8182,309389.5141,598792.3041,999000
123,193391315737,1099000,0,1099000,0,345888.0425,45,1,999090.9091,345888.0425,653202.8666,1099000
123,193392112311,149000,0,149000,0,36938.19375,45,1,135454.5455,36938.19375,98516.3517,149000
123,772259439138,1099000,0,1099000,0,340704.905,45,1,999090.9091,340704.905,658386.0041,1099000
123,193391315096,1099000,0,1099000,0,345888.0425,45,1,999090.9091,345888.0425,653202.8666,1099000
123,193392111819,99000,0,99000,0,30001.44375,45,1,90000,30001.44375,59998.55625,99000
123,191167741278,1399000,0,1399000,0,495395.495,45,1,1271818.182,495395.495,776422.6868,1399000
123,193395066758,1299000,0,1299000,0,394157.9475,45,1,1180909.091,394157.9475,786751.1434,1299000
123,193392301203,149000,0,149000,0,36417.9375,45,1,135454.5455,36417.9375,99036.60795,149000
123,193392112311,149000,0,149000,0,36938.19375,45,1,135454.5455,36938.19375,98516.3517,149000
123,193395024642,1099000,0,1099000,0,355896.9212,45,1,999090.9091,355896.9212,643193.9879,1099000
123,888654796445,849000,0,849000,0,264089.2613,45,1,771818.1818,264089.2613,507728.9206,849000
130,191929012318,149000,0,149000,0,42268.0275,45,1,135454.5455,42268.0275,93186.51795,149000
130,193392301036,399000,0,399000,0,127809.6188,45,1,362727.2727,127809.6188,234917.654,399000
130,700053804142,749000,0,749000,0,300759.4164,45,1,680909.0909,300759.4164,380149.6745,749000
130,700053804043,749000,0,749000,0,300213.456,45,1,680909.0909,300213.456,380695.6349,749000
130,193394068029,799000,0,799000,0,239480.8678,45,1,726363.6364,239480.8678,486882.7686,799000
130,193394087457,899000,0,899000,0,282052.4975,45,1,817272.7273,282052.4975,535220.2298,899000
130,700053804135,749000,0,749000,0,298453.5113,45,1,680909.0909,298453.5113,382455.5797,749000
130,700053804142,749000,0,749000,0,300759.4164,45,1,680909.0909,300759.4164,380149.6745,749000
130,193394051922,1099000,0,1099000,0,308511.9563,45,1,999090.9091,308511.9563,690578.9528,1099000
130,193391171470,199000,0,199000,0,61737.075,45,1,180909.0909,61737.075,119172.0159,199000
130,700053804036,749000,0,749000,0,300098.1577,45,1,680909.0909,300098.1577,380810.9332,749000
130,193391172118,599000,0,599000,0,174570.39,45,1,544545.4545,174570.39,369975.0645,599000
130,193390435009,849000,0,849000,0,261536.82,45,1,771818.1818,261536.82,510281.3618,849000
130,887040638017,799000,0,799000,0,217560.3448,45,1,726363.6364,217560.3448,508803.2915,799000
130,193394062072,1099000,0,1099000,0,305627.7525,45,1,999090.9091,305627.7525,693463.1566,1099000
130,700053804128,749000,0,749000,0,300677.1984,45,1,680909.0909,300677.1984,380231.8925,749000
130,193395024932,1099000,0,1099000,0,334455.1167,45,1,999090.9091,334455.1167,664635.7924,1099000
130,700053287969,699000,0,699000,0,256186.4541,45,1,635454.5455,256186.4541,379268.0913,699000
130,700053287976,699000,0,699000,0,256263.2973,45,1,635454.5455,256263.2973,379191.2482,699000
130,193392168127,199000,0,199000,0,61910.49375,45,1,180909.0909,61910.49375,118998.5972,199000
130,032546871011,849000,0,849000,0,374913.9675,45,1,771818.1818,374913.9675,396904.2143,849000
130,193391170817,629000,0,629000,0,198217.6313,45,1,571818.1818,198217.6313,373600.5506,629000
130,700053843554,749000,0,749000,0,287285.13,45,1,680909.0909,287285.13,393623.9609,749000
130,700053288898,699000,0,699000,0,255403.8027,45,1,635454.5455,255403.8027,380050.7428,699000
130,700053288515,699000,0,699000,0,257726.209,45,1,635454.5455,257726.209,377728.3365,699000
130,700053288546,699000,0,699000,0,255126.7791,45,1,635454.5455,255126.7791,380327.7664,699000
130,700053629394,849000,0,849000,0,377166.5671,45,1,771818.1818,377166.5671,394651.6147,849000
130,766182782164,99000,0,99000,0,26246.55707,45,1,90000,26246.55707,63753.44293,99000
130,193391171012,399000,0,399000,0,115292.0588,45,1,362727.2727,115292.0588,247435.214,399000
130,193395011925,1449000,0,1449000,0,447199.7208,45,1,1317272.727,447199.7208,870073.0064,1449000
130,193395011925,1449000,0,1449000,0,447199.7208,45,1,1317272.727,447199.7208,870073.0064,1449000
130,193392112342,129000,0,129000,0,35204.00625,45,1,117272.7273,35204.00625,82068.72102,129000
130,193394079452,749000,0,749000,0,213058.35,45,1,680909.0909,213058.35,467850.7409,749000
130,700053288553,699000,0,699000,0,258135.7721,45,1,635454.5455,258135.7721,377318.7734,699000
130,700053843561,749000,0,749000,0,288703.4848,45,1,680909.0909,288703.4848,392205.6062,749000
130,193391111636,249000,0,249000,0,52061.83875,45,1,226363.6364,52061.83875,174301.7976,249000
130,700053630000,849000,0,849000,0,377716.2331,45,1,771818.1818,377716.2331,394101.9487,849000
130,193394086832,949000,0,949000,0,287764.429,45,1,862727.2727,287764.429,574962.8438,949000
130,193394059676,799000,0,799000,0,213040.2269,45,1,726363.6364,213040.2269,513323.4094,799000
130,193395076375,1599000,0,1599000,0,546068.7513,45,1,1453636.364,546068.7513,907567.6124,1599000
130,192827099692,1399000,0,1399000,0,422922.4425,45,1,1271818.182,422922.4425,848895.7393,1399000
130,192828413800,249000,0,249000,0,75650.8925,45,1,226363.6364,75650.8925,150712.7439,249000
130,193391171012,399000,0,399000,0,115292.0588,45,1,362727.2727,115292.0588,247435.214,399000
130,193395011918,999000,0,999000,0,312626.16,45,1,908181.8182,312626.16,595555.6582,999000
130,193394059638,799000,0,799000,0,213032.1722,45,1,726363.6364,213032.1722,513331.4641,799000
130,193392114032,99000,0,99000,0,25257.72375,45,1,90000,25257.72375,64742.27625,99000
130,700053843578,749000,0,749000,0,287285.13,45,1,680909.0909,287285.13,393623.9609,749000
130,700053288546,699000,0,699000,0,255126.7791,45,1,635454.5455,255126.7791,380327.7664,699000
130,192824355142,99000,0,99000,99000,25683.77875,45,1,0,25683.77875,-25683.77875,0
130,680975168877,1099000,0,1099000,0,350515.35,45,1,999090.9091,350515.35,648575.5591,1099000
130,192824355364,99000,0,99000,99000,25375.5,45,1,0,25375.5,-25375.5,0
130,193392106457,499000,0,499000,0,155383.2,45,1,453636.3636,155383.2,298253.1636,499000
130,193391122540,499000,0,499000,0,154689.525,45,1,453636.3636,154689.525,298946.8386,499000
130,193392114032,99000,0,99000,99000,25257.72375,45,1,0,25257.72375,-25257.72375,0
130,193392111802,99000,0,99000,0,30001.44375,45,1,90000,30001.44375,59998.55625,99000
130,700053288911,699000,0,699000,0,255686.1464,45,1,635454.5455,255686.1464,379768.399,699000
130,192824389697,99000,0,99000,0,31215.375,45,1,90000,31215.375,58784.625,99000
130,193391315737,1099000,0,1099000,0,345888.0425,45,1,999090.9091,345888.0425,653202.8666,1099000
130,193395039813,1029000,0,1029000,0,309899.3063,45,1,935454.5455,309899.3063,625555.2392,1029000
130,766182782164,99000,0,99000,99000,26246.55707,45,1,0,26246.55707,-26246.55707,0
130,700053804142,749000,0,749000,0,300759.4164,45,1,680909.0909,300759.4164,380149.6745,749000
130,193394086436,999000,0,999000,0,309371.0069,45,1,908181.8182,309371.0069,598810.8113,999000
130,193394069293,799000,0,799000,0,245857.7863,45,1,726363.6364,245857.7863,480505.8501,799000
130,772259438445,1099000,0,1099000,0,340704.905,45,1,999090.9091,340704.905,658386.0041,1099000
130,808390007964,99000,0,99000,99000,26851.59123,45,1,0,26851.59123,-26851.59123,0
130,700053288928,699000,0,699000,0,254467.2713,45,1,635454.5455,254467.2713,380987.2742,699000
130,766182782164,99000,0,99000,99000,26246.55707,45,1,0,26246.55707,-26246.55707,0
130,658100946690,549000,-27.322404371585,699000,0,254015.1307,45,1,635454.5455,254015.1307,381439.4148,699000
130,766182782164,99000,0,99000,99000,26246.55707,45,1,0,26246.55707,-26246.55707,0
130,192826090829,1099000,0,1099000,0,349872.6,45,1,999090.9091,349872.6,649218.3091,1099000
130,766182782164,99000,0,99000,99000,26246.55707,45,1,0,26246.55707,-26246.55707,0
130,700053654488,849000,0,849000,0,461975.4024,45,1,771818.1818,461975.4024,309842.7794,849000
130,193391316901,1399000,0,1399000,0,454042.845,45,1,1271818.182,454042.845,817775.3368,1399000
130,766182782164,99000,0,99000,99000,26246.55707,45,1,0,26246.55707,-26246.55707,0
130,193394071494,749000,0,749000,0,229394.52,45,1,680909.0909,229394.52,451514.5709,749000
130,772259438865,1099000,0,1099000,0,340704.905,45,1,999090.9091,340704.905,658386.0041,1099000
130,193391315232,1099000,0,1099000,0,345888.0425,45,1,999090.9091,345888.0425,653202.8666,1099000
130,772259439138,1099000,0,1099000,0,340704.905,45,1,999090.9091,340704.905,658386.0041,1099000
130,193394096305,999000,0,999000,0,309371.0069,45,1,908181.8182,309371.0069,598810.8113,999000
130,658100946751,699000,0,699000,0,252869.3837,45,1,635454.5455,252869.3837,382585.1617,699000
130,700053630031,849000,0,849000,0,374913.9675,45,1,771818.1818,374913.9675,396904.2143,849000
130,193391315232,1099000,0,1099000,0,345888.0425,45,1,999090.9091,345888.0425,653202.8666,1099000
129,193395063948,1149000,0,1149000,0,342569.25,45,1,1044545.455,342569.25,701976.2045,1149000
129,193393073734,1149000,0,1149000,0,358590.9488,45,1,1044545.455,358590.9488,685954.5058,1149000
129,700053843493,749000,0,749000,0,288485.9068,45,1,680909.0909,288485.9068,392423.1841,749000
129,700053843509,749000,0,749000,0,288594.4068,45,1,680909.0909,288594.4068,392314.6841,749000
129,700053843493,749000,0,749000,0,288485.9068,45,1,680909.0909,288485.9068,392423.1841,749000
129,700053630031,849000,0,849000,0,374913.9675,45,1,771818.1818,374913.9675,396904.2143,849000
129,193395012441,1449000,0,1449000,0,447550.8933,45,1,1317272.727,447550.8933,869721.834,1449000
129,193395077709,1749000,0,1749000,0,558061.5375,45,1,1590000,558061.5375,1031938.463,1749000
129,193393073826,1149000,0,1149000,0,358590.9488,45,1,1044545.455,358590.9488,685954.5058,1149000
129,700053630086,849000,0,849000,0,379472.6444,45,1,771818.1818,379472.6444,392345.5374,849000
129,700053630048,849000,0,849000,0,377549.5308,45,1,771818.1818,377549.5308,394268.651,849000
129,193394067299,1199000,0,1199000,0,368140.1788,45,1,1090000,368140.1788,721859.8213,1199000
129,700053287969,699000,0,699000,0,256186.4541,45,1,635454.5455,256186.4541,379268.0913,699000
129,700053288553,699000,0,699000,0,258135.7721,45,1,635454.5455,258135.7721,377318.7734,699000
129,700053288515,699000,0,699000,0,257726.209,45,1,635454.5455,257726.209,377728.3365,699000
129,193391118321,579000,0,579000,0,180182.0813,45,1,526363.6364,180182.0813,346181.5551,579000
129,193395008444,1199000,0,1199000,0,363884.67,45,1,1090000,363884.67,726115.33,1199000
129,700053288515,699000,0,699000,0,257726.209,45,1,635454.5455,257726.209,377728.3365,699000
129,700053287976,699000,0,699000,0,256263.2973,45,1,635454.5455,256263.2973,379191.2482,699000
129,700053629455,849000,0,849000,0,377569.4556,45,1,771818.1818,377569.4556,394248.7262,849000
129,700053288560,699000,0,699000,0,255126.7791,45,1,635454.5455,255126.7791,380327.7664,699000
129,193391169910,849000,0,849000,0,268625.6438,45,1,771818.1818,268625.6438,503192.5381,849000
129,679894059496,999000,0,999000,0,712085.1345,45,1,908181.8182,712085.1345,196096.6837,999000
129,700053288577,699000,0,699000,0,257276.2863,45,1,635454.5455,257276.2863,378178.2592,699000
129,700053630017,849000,0,849000,0,374913.9675,45,1,771818.1818,374913.9675,396904.2143,849000
129,700053338234,699000,0,699000,0,258584.2233,45,1,635454.5455,258584.2233,376870.3221,699000
129,193394087235,899000,0,899000,0,268009.23,45,1,817272.7273,268009.23,549263.4973,899000
129,700053629400,849000,0,849000,0,377246.681,45,1,771818.1818,377246.681,394571.5009,849000
129,700053630000,849000,0,849000,0,377716.2331,45,1,771818.1818,377716.2331,394101.9487,849000
129,193395059194,1149000,0,1149000,0,346121.82,45,1,1044545.455,346121.82,698423.6345,1149000
129,193392111796,129000,0,129000,0,33122.98125,45,1,117272.7273,33122.98125,84149.74602,129000
129,700053630062,849000,0,849000,0,377819.0275,45,1,771818.1818,377819.0275,393999.1543,849000
129,700053629370,849000,0,849000,0,377610.0784,45,1,771818.1818,377610.0784,394208.1034,849000
129,700053803930,749000,0,749000,0,301025.1887,45,1,680909.0909,301025.1887,379883.9022,749000
129,193395085087,1399000,0,1399000,0,410539.2625,45,1,1271818.182,410539.2625,861278.9193,1399000
129,193394086856,899000,0,899000,0,268988.7857,45,1,817272.7273,268988.7857,548283.9416,899000
129,193393075158,1149000,0,1149000,0,358590.9488,45,1,1044545.455,358590.9488,685954.5058,1149000
129,700054939645,699000,0,699000,0,258504.76,45,1,635454.5455,258504.76,376949.7854,699000
129,700053288911,699000,0,699000,0,255686.1464,45,1,635454.5455,255686.1464,379768.399,699000
129,193394055333,1099000,0,1099000,0,339988.2525,45,1,999090.9091,339988.2525,659102.6566,1099000
129,680975167634,1099000,0,1099000,0,350515.35,45,1,999090.9091,350515.35,648575.5591,1099000
129,193395087234,2199000,0,2199000,0,705326.2313,45,1,1999090.909,705326.2313,1293764.678,2199000
129,193392111796,129000,0,129000,0,33122.98125,45,1,117272.7273,33122.98125,84149.74602,129000
129,193392112342,129000,0,129000,0,35204.00625,45,1,117272.7273,35204.00625,82068.72102,129000
129,193391134239,549000,0,549000,0,169950.375,45,1,499090.9091,169950.375,329140.5341,549000
129,700053288911,699000,0,699000,0,255686.1464,45,1,635454.5455,255686.1464,379768.399,699000
129,193394055968,1099000,0,1099000,0,339994.8333,45,1,999090.9091,339994.8333,659096.0757,1099000
129,193395025250,1099000,0,1099000,0,330412.2638,45,1,999090.9091,330412.2638,668678.6453,1099000
129,193395025441,1099000,0,1099000,0,348797.1375,45,1,999090.9091,348797.1375,650293.7716,1099000
129,193391171012,399000,0,399000,0,115292.0588,45,1,362727.2727,115292.0588,247435.214,399000
129,193394055982,1099000,0,1099000,0,313120.0576,45,1,999090.9091,313120.0576,685970.8515,1099000
129,700053338210,699000,0,699000,0,258603.3502,45,1,635454.5455,258603.3502,376851.1953,699000
129,617932498050,749000,0,749000,0,283661.2636,45,1,680909.0909,283661.2636,397247.8273,749000
129,193393037651,899000,0,899000,0,275085.8213,45,1,817272.7273,275085.8213,542186.906,899000
129,193395069056,1699000,0,1699000,0,539197.8013,45,1,1544545.455,539197.8013,1005347.653,1699000
129,193395063597,1149000,0,1149000,0,342569.25,45,1,1044545.455,342569.25,701976.2045,1149000
129,193394076284,1249000,0,1249000,0,391232.7,45,1,1135454.545,391232.7,744221.8455,1249000
129,193394059881,799000,0,799000,0,213032.0715,45,1,726363.6364,213032.0715,513331.5648,799000
129,193391100319,799000,0,799000,0,253191.375,45,1,726363.6364,253191.375,473172.2614,799000
129,193395007300,1199000,0,1199000,0,369587.5088,45,1,1090000,369587.5088,720412.4913,1199000
129,193391100319,799000,0,799000,0,253191.375,45,1,726363.6364,253191.375,473172.2614,799000
129,193392111802,99000,0,99000,0,30001.44375,45,1,90000,30001.44375,59998.55625,99000
129,192824389697,99000,0,99000,0,31215.375,45,1,90000,31215.375,58784.625,99000
129,680975167634,1099000,0,1099000,0,350515.35,45,1,999090.9091,350515.35,648575.5591,1099000
129,193391141121,449000,0,449000,0,143243.8875,45,1,408181.8182,143243.8875,264937.9307,449000
129,193391172361,499000,0,499000,0,153649.0125,45,1,453636.3636,153649.0125,299987.3511,499000
129,193391170916,499000,0,499000,0,146538.8438,45,1,453636.3636,146538.8438,307097.5199,499000
129,193395060725,1149000,0,1149000,0,346121.82,45,1,1044545.455,346121.82,698423.6345,1149000
129,193394046959,1199000,0,1199000,0,392139.9375,45,1,1090000,392139.9375,697860.0625,1199000
129,193394082797,899000,0,899000,0,288608.0647,45,1,817272.7273,288608.0647,528664.6626,899000
129,847223033114,599000,0,599000,0,230246.3818,45,1,544545.4545,230246.3818,314299.0727,599000
129,193395008710,1199000,0,1199000,0,369587.5088,45,1,1090000,369587.5088,720412.4913,1199000
129,193392168905,249000,0,249000,0,83414.41875,45,1,226363.6364,83414.41875,142949.2176,249000
129,193392111802,99000,0,99000,0,30001.44375,45,1,90000,30001.44375,59998.55625,99000
129,772259420976,1599000,0,1599000,0,510718.2188,45,1,1453636.364,510718.2188,942918.1449,1599000
129,193391315607,1099000,0,1099000,0,345888.0425,45,1,999090.9091,345888.0425,653202.8666,1099000
129,772259439138,1099000,0,1099000,0,340704.905,45,1,999090.9091,340704.905,658386.0041,1099000
129,193394097234,799000,0,799000,0,253923.1322,45,1,726363.6364,253923.1322,472440.5041,799000
129,193394097234,799000,0,799000,0,253923.1322,45,1,726363.6364,253923.1322,472440.5041,799000
129,193392301036,399000,0,399000,0,127809.6188,45,1,362727.2727,127809.6188,234917.654,399000
129,772259438131,1099000,0,1099000,0,340704.905,45,1,999090.9091,340704.905,658386.0041,1099000
129,772259439275,1099000,0,1099000,0,340704.905,45,1,999090.9091,340704.905,658386.0041,1099000
129,192826081483,1599000,0,1599000,0,533554.3125,45,1,1453636.364,533554.3125,920082.0511,1599000
129,193394062638,1099000,0,1099000,0,305628.2616,45,1,999090.9091,305628.2616,693462.6475,1099000
129,193392112373,149000,0,149000,0,36938.19375,45,1,135454.5455,36938.19375,98516.3517,149000
129,192825081446,349000,0,349000,0,117231.075,45,1,317272.7273,117231.075,200041.6523,349000
129,193392168479,399000,0,399000,0,113415.8625,45,1,362727.2727,113415.8625,249311.4102,399000
129,193392111772,149000,0,149000,0,34683.75,45,1,135454.5455,34683.75,100770.7955,149000
129,193392111529,149000,0,149000,0,34683.75,45,1,135454.5455,34683.75,100770.7955,149000
129,193392111796,129000,0,129000,0,33122.98125,45,1,117272.7273,33122.98125,84149.74602,129000
129,193392112342,129000,0,129000,0,35204.00625,45,1,117272.7273,35204.00625,82068.72102,129000
129,193392112526,149000,0,149000,0,54453.4875,45,1,135454.5455,54453.4875,81001.05795,149000
129,192826078186,1449000,0,1449000,0,462568.2456,45,1,1317272.727,462568.2456,854704.4816,1449000
129,772259438445,1099000,0,1099000,0,340704.905,45,1,999090.9091,340704.905,658386.0041,1099000
129,193392111826,99000,0,99000,0,25319.1375,45,1,90000,25319.1375,64680.8625,99000
129,772259439275,1099000,0,1099000,0,340704.905,45,1,999090.9091,340704.905,658386.0041,1099000
129,847223054430,249000,0,249000,0,78385.275,45,1,226363.6364,78385.275,147978.3614,249000
129,193391315607,1099000,0,1099000,0,345888.0425,45,1,999090.9091,345888.0425,653202.8666,1099000
129,193394046508,1199000,0,1199000,0,391631.7813,45,1,1090000,391631.7813,698368.2188,1199000
129,193392106129,399000,0,399000,0,114456.375,45,1,362727.2727,114456.375,248270.8977,399000
129,193392111826,99000,0,99000,0,25319.1375,45,1,90000,25319.1375,64680.8625,99000
129,772259438445,1099000,0,1099000,0,340704.905,45,1,999090.9091,340704.905,658386.0041,1099000
129,193391315270,1099000,0,1099000,0,345888.0425,45,1,999090.9091,345888.0425,653202.8666,1099000
129,193394082230,799000,0,799000,0,238807.9571,45,1,726363.6364,238807.9571,487555.6792,799000
129,193391315232,1099000,0,1099000,0,345888.0425,45,1,999090.9091,345888.0425,653202.8666,1099000
129,193394062638,1099000,0,1099000,0,305628.2616,45,1,999090.9091,305628.2616,693462.6475,1099000
129,193394052011,999000,0,999000,0,300515.3663,45,1,908181.8182,300515.3663,607666.4519,999000
129,772259439756,1099000,0,1099000,0,340704.905,45,1,999090.9091,340704.905,658386.0041,1099000
129,193395010973,999000,0,999000,0,309708.0713,45,1,908181.8182,309708.0713,598473.7469,999000
129,193392111819,99000,0,99000,0,30001.44375,45,1,90000,30001.44375,59998.55625,99000
129,193395039516,1029000,0,1029000,0,309899.3063,45,1,935454.5455,309899.3063,625555.2392,1029000
129,193391317298,1399000,0,1399000,419700,454042.845,45,1,890272.7273,454042.845,436229.8823,979300
129,772259439411,1099000,0,1099000,0,340704.905,45,1,999090.9091,340704.905,658386.0041,1099000
129,193394068852,799000,0,799000,0,245852.5661,45,1,726363.6364,245852.5661,480511.0702,799000
129,680975168266,1099000,0,1099000,0,350515.35,45,1,999090.9091,350515.35,648575.5591,1099000
129,680975168563,1099000,0,1099000,0,350515.35,45,1,999090.9091,350515.35,648575.5591,1099000
129,193392112311,149000,0,149000,0,36938.19375,45,1,135454.5455,36938.19375,98516.3517,149000
129,193391315898,1099000,0,1099000,0,345888.0425,45,1,999090.9091,345888.0425,653202.8666,1099000
129,193391315737,1099000,0,1099000,0,345888.0425,45,1,999090.9091,345888.0425,653202.8666,1099000
129,193394051618,999000,0,999000,0,300481.1579,45,1,908181.8182,300481.1579,607700.6603,999000
129,700053288874,699000,0,699000,0,255886.8098,45,1,635454.5455,255886.8098,379567.7357,699000
129,193395053840,1599000,0,1599000,0,492623.04,45,1,1453636.364,492623.04,961013.3236,1599000
129,193394094011,1099000,0,1099000,0,338394.2875,45,1,999090.9091,338394.2875,660696.6216,1099000
129,193392112311,149000,0,149000,0,36938.19375,45,1,135454.5455,36938.19375,98516.3517,149000
129,772259427890,1549000,0,1549000,0,493723.1813,45,1,1408181.818,493723.1813,914458.6369,1549000
122,193391172132,599000,0,599000,0,188853.0188,45,1,544545.4545,188853.0188,355692.4358,599000
122,193394051922,1099000,0,1099000,0,308511.9563,45,1,999090.9091,308511.9563,690578.9528,1099000
122,700053287976,699000,0,699000,0,256263.2973,45,1,635454.5455,256263.2973,379191.2482,699000
122,700053287969,699000,0,699000,0,256186.4541,45,1,635454.5455,256186.4541,379268.0913,699000
122,700053338241,699000,0,699000,0,258751.7323,45,1,635454.5455,258751.7323,376702.8132,699000
122,193392301036,399000,0,399000,0,127809.6188,45,1,362727.2727,127809.6188,234917.654,399000
122,700053630017,849000,0,849000,0,374913.9675,45,1,771818.1818,374913.9675,396904.2143,849000
122,700053288539,699000,0,699000,0,258051.8299,45,1,635454.5455,258051.8299,377402.7155,699000
122,193394086016,949000,0,949000,0,287800.5938,45,1,862727.2727,287800.5938,574926.679,949000
122,700053630017,849000,0,849000,0,374913.9675,45,1,771818.1818,374913.9675,396904.2143,849000
122,700053629400,849000,0,849000,0,377246.681,45,1,771818.1818,377246.681,394571.5009,849000
122,658100040794,249000,0,249000,0,74226.78,45,1,226363.6364,74226.78,152136.8564,249000
122,700053630017,849000,0,849000,0,374913.9675,45,1,771818.1818,374913.9675,396904.2143,849000
122,700053630017,849000,0,849000,0,374913.9675,45,1,771818.1818,374913.9675,396904.2143,849000
122,193395062002,1199000,0,1199000,0,353166.83,45,1,1090000,353166.83,736833.17,1199000
122,193394044160,1599000,0,1599000,0,524913.9188,45,1,1453636.364,524913.9188,928722.4449,1599000
122,193395001506,1399000,0,1399000,0,457388.1675,45,1,1271818.182,457388.1675,814430.0143,1399000
122,700053804265,749000,0,749000,0,299221.8574,45,1,680909.0909,299221.8574,381687.2335,749000
122,700053843509,749000,0,749000,0,288594.4068,45,1,680909.0909,288594.4068,392314.6841,749000
122,193394091058,949000,0,949000,0,300014.4375,45,1,862727.2727,300014.4375,562712.8352,949000
122,193393075158,1149000,0,1149000,0,358590.9488,45,1,1044545.455,358590.9488,685954.5058,1149000
122,700053288539,699000,0,699000,0,258051.8299,45,1,635454.5455,258051.8299,377402.7155,699000
122,193394083916,949000,0,949000,0,299265.5296,45,1,862727.2727,299265.5296,563461.7431,949000
122,700053288539,699000,0,699000,0,258051.8299,45,1,635454.5455,258051.8299,377402.7155,699000
122,193394062539,1099000,0,1099000,0,305670.0038,45,1,999090.9091,305670.0038,693420.9053,1099000
122,680975167344,1099000,0,1099000,0,350515.35,45,1,999090.9091,350515.35,648575.5591,1099000
122,617932498098,749000,0,749000,0,285223.275,45,1,680909.0909,285223.275,395685.8159,749000
122,700053288539,699000,0,699000,0,258051.8299,45,1,635454.5455,258051.8299,377402.7155,699000
122,193395061791,1199000,0,1199000,0,353166.83,45,1,1090000,353166.83,736833.17,1199000
122,772204279161,1549000,0,1549000,0,484450.585,45,1,1408181.818,484450.585,923731.2332,1549000
122,700053288577,699000,0,699000,0,257276.2863,45,1,635454.5455,257276.2863,378178.2592,699000
122,193395008611,1199000,0,1199000,0,369587.5088,45,1,1090000,369587.5088,720412.4913,1199000
122,700053630024,849000,0,849000,0,377765.9407,45,1,771818.1818,377765.9407,394052.2411,849000
122,887040637898,799000,0,799000,0,216946.8563,45,1,726363.6364,216946.8563,509416.7801,799000
122,700053288935,699000,0,699000,0,255817.8455,45,1,635454.5455,255817.8455,379636.7,699000
122,193395063603,1199000,0,1199000,0,383227.2363,45,1,1090000,383227.2363,706772.7638,1199000
122,193394087211,949000,0,949000,0,287758.7188,45,1,862727.2727,287758.7188,574968.554,949000
122,193394068111,799000,0,799000,0,237590.8027,45,1,726363.6364,237590.8027,488772.8336,799000
122,658100058829,699000,0,699000,0,258009.1092,45,1,635454.5455,258009.1092,377445.4363,699000
122,193395008383,1199000,0,1199000,0,369587.5088,45,1,1090000,369587.5088,720412.4913,1199000
122,193394039388,1399000,0,1399000,0,435691.5701,45,1,1271818.182,435691.5701,836126.6118,1399000
122,193395069247,1699000,0,1699000,0,539197.8013,45,1,1544545.455,539197.8013,1005347.653,1699000
122,193395004835,1399000,0,1399000,0,446047.965,45,1,1271818.182,446047.965,825770.2168,1399000
122,193393074687,1149000,0,1149000,0,358590.9488,45,1,1044545.455,358590.9488,685954.5058,1149000
122,193392111796,129000,0,129000,0,33122.98125,45,1,117272.7273,33122.98125,84149.74602,129000
122,193392112342,129000,0,129000,0,35204.00625,45,1,117272.7273,35204.00625,82068.72102,129000
122,193391315027,1199000,0,1199000,0,362531.31,45,1,1090000,362531.31,727468.69,1199000
122,193395003609,999000,0,999000,0,312626.16,45,1,908181.8182,312626.16,595555.6582,999000
122,193394061990,1099000,0,1099000,0,305644.003,45,1,999090.9091,305644.003,693446.9061,1099000
122,617932497718,749000,0,749000,0,283367.878,45,1,680909.0909,283367.878,397541.2129,749000
122,193392301036,399000,0,399000,0,127809.6188,45,1,362727.2727,127809.6188,234917.654,399000
122,680975167917,1099000,0,1099000,0,350515.35,45,1,999090.9091,350515.35,648575.5591,1099000
122,193392168073,399000,0,399000,0,126248.85,45,1,362727.2727,126248.85,236478.4227,399000
122,193392168073,399000,0,399000,0,126248.85,45,1,362727.2727,126248.85,236478.4227,399000
122,193391170916,499000,0,499000,0,146538.8438,45,1,453636.3636,146538.8438,307097.5199,499000
122,193392106129,399000,0,399000,0,114456.375,45,1,362727.2727,114456.375,248270.8977,399000
122,193395012229,1449000,0,1449000,0,448152.9032,46,1,1317272.727,448152.9032,869119.8241,1449000
122,888654796292,849000,0,849000,0,223711.2675,45,1,771818.1818,223711.2675,548106.9143,849000
122,193392106129,399000,0,399000,0,114456.375,45,1,362727.2727,114456.375,248270.8977,399000
122,193395008482,1199000,0,1199000,0,369587.5088,45,1,1090000,369587.5088,720412.4913,1199000
122,772259442749,1249000,0,1249000,0,389599.1688,45,1,1135454.545,389599.1688,745855.3767,1249000
122,193392168073,399000,0,399000,0,126248.85,45,1,362727.2727,126248.85,236478.4227,399000
122,193391170916,499000,0,499000,0,146538.8438,45,1,453636.3636,146538.8438,307097.5199,499000
122,193392168479,399000,0,399000,0,113415.8625,45,1,362727.2727,113415.8625,249311.4102,399000
122,193392112564,149000,0,149000,0,41620.5,45,1,135454.5455,41620.5,93834.04545,149000
122,193392168943,249000,0,249000,0,83414.41875,45,1,226363.6364,83414.41875,142949.2176,249000
122,700053629394,849000,0,849000,0,377166.5671,45,1,771818.1818,377166.5671,394651.6147,849000
122,193395003418,999000,0,999000,0,309708.0713,45,1,908181.8182,309708.0713,598473.7469,999000
122,193391112688,249000,0,249000,0,70962.17625,45,1,226363.6364,70962.17625,155401.4601,249000
122,193391170916,499000,0,499000,0,146538.8438,45,1,453636.3636,146538.8438,307097.5199,499000
122,193392106129,399000,0,399000,0,114456.375,45,1,362727.2727,114456.375,248270.8977,399000
122,192826056382,199000,0,199000,0,61909.275,45,1,180909.0909,61909.275,118999.8159,199000
122,193391170916,499000,0,499000,0,146538.8438,45,1,453636.3636,146538.8438,307097.5199,499000
122,700053288942,699000,0,699000,0,254467.2713,45,1,635454.5455,254467.2713,380987.2742,699000
122,193391169859,999000,0,999000,0,313367.6813,45,1,908181.8182,313367.6813,594814.1369,999000
122,193392168905,249000,0,249000,0,83414.41875,45,1,226363.6364,83414.41875,142949.2176,249000
122,193392111802,99000,0,99000,0,30001.44375,45,1,90000,30001.44375,59998.55625,99000
122,193394043798,1599000,0,1599000,0,495504.1999,45,1,1453636.364,495504.1999,958132.1637,1599000
122,700053288867,699000,0,699000,0,255824.3663,45,1,635454.5455,255824.3663,379630.1792,699000
122,700053288928,699000,0,699000,0,254467.2713,45,1,635454.5455,254467.2713,380987.2742,699000
122,700053288935,699000,0,699000,0,255817.8455,45,1,635454.5455,255817.8455,379636.7,699000
122,888654796230,849000,0,849000,0,223711.2675,45,1,771818.1818,223711.2675,548106.9143,849000
122,192824389697,99000,0,99000,0,31215.375,45,1,90000,31215.375,58784.625,99000
122,193391173597,499000,0,499000,0,151047.7313,45,1,453636.3636,151047.7313,302588.6324,499000
122,193392111802,99000,0,99000,0,30001.44375,45,1,90000,30001.44375,59998.55625,99000
122,193392114032,99000,0,99000,99000,25257.72375,45,1,0,25257.72375,-25257.72375,0
122,193395078058,1599000,0,1599000,0,512923.44,45,1,1453636.364,512923.44,940712.9236,1599000
122,193391173597,499000,0,499000,0,151047.7313,45,1,453636.3636,151047.7313,302588.6324,499000
122,193392112373,149000,0,149000,0,36938.19375,45,1,135454.5455,36938.19375,98516.3517,149000
122,193392168943,249000,0,249000,0,83414.41875,45,1,226363.6364,83414.41875,142949.2176,249000
122,772259438582,1099000,0,1099000,0,340704.905,45,1,999090.9091,340704.905,658386.0041,1099000
122,193390162431,399000,0,399000,0,124861.5,45,1,362727.2727,124861.5,237865.7727,399000
122,772259435208,1199000,0,1199000,0,373358.6713,45,1,1090000,373358.6713,716641.3288,1199000
122,772259439138,1099000,0,1099000,0,340704.905,45,1,999090.9091,340704.905,658386.0041,1099000
122,193393075691,1149000,0,1149000,0,358590.9488,45,1,1044545.455,358590.9488,685954.5058,1149000
122,193391317298,1399000,0,1399000,0,454042.845,45,1,1271818.182,454042.845,817775.3368,1399000
122,193391315898,1099000,0,1099000,0,345888.0425,45,1,999090.9091,345888.0425,653202.8666,1099000
122,617932497718,749000,0,749000,0,283367.878,45,1,680909.0909,283367.878,397541.2129,749000
122,192826056382,199000,0,199000,0,61909.275,45,1,180909.0909,61909.275,118999.8159,199000
122,192824389697,99000,0,99000,0,31215.375,45,1,90000,31215.375,58784.625,99000
122,193391316901,1399000,0,1399000,0,454042.845,45,1,1271818.182,454042.845,817775.3368,1399000
122,772259439411,1099000,0,1099000,0,340704.905,45,1,999090.9091,340704.905,658386.0041,1099000
122,193395066628,1299000,0,1299000,0,394157.9475,45,1,1180909.091,394157.9475,786751.1434,1299000
122,193392112373,149000,0,149000,0,36938.19375,45,1,135454.5455,36938.19375,98516.3517,149000
122,193395060725,1149000,0,1149000,0,346121.82,45,1,1044545.455,346121.82,698423.6345,1149000
122,193395019112,1449000,0,1449000,0,446212.6416,45,1,1317272.727,446212.6416,871060.0857,1449000
122,193395001988,1399000,0,1399000,0,457388.1675,45,1,1271818.182,457388.1675,814430.0143,1399000
122,772259283229,749000,0,749000,0,213058.35,45,1,680909.0909,213058.35,467850.7409,749000
122,193391315041,1099000,0,1099000,0,345888.0425,45,1,999090.9091,345888.0425,653202.8666,1099000
122,193394062898,1099000,0,1099000,0,305634.1191,45,1,999090.9091,305634.1191,693456.79,1099000
122,192824389697,99000,0,99000,0,31215.375,45,1,90000,31215.375,58784.625,99000
122,680975168266,1099000,0,1099000,0,350515.35,45,1,999090.9091,350515.35,648575.5591,1099000
122,193394072446,999000,0,999000,0,309820.5836,45,1,908181.8182,309820.5836,598361.2346,999000
122,193395062170,1299000,0,1299000,0,393996.93,45,1,1180909.091,393996.93,786912.1609,1299000
122,193394069293,799000,0,799000,0,245857.7863,45,1,726363.6364,245857.7863,480505.8501,799000
122,193394097357,799000,0,799000,0,253951.8075,45,1,726363.6364,253951.8075,472411.8289,799000
122,193395089894,1399000,0,1399000,0,436133.5513,45,1,1271818.182,436133.5513,835684.6306,1399000
122,193394084036,1099000,13.648771610555,949000,0,300014.4375,45,1,862727.2727,300014.4375,562712.8352,949000
122,193391316017,1099000,0,1099000,0,345888.0425,45,1,999090.9091,345888.0425,653202.8666,1099000
122,772259438865,1099000,0,1099000,0,340704.905,45,1,999090.9091,340704.905,658386.0041,1099000
122,193395018290,1449000,0,1449000,0,446692.4718,45,1,1317272.727,446692.4718,870580.2555,1449000
139,193394083916,949000,0,949000,0,299265.5296,45,1,862727.2727,299265.5296,563461.7431,949000
139,700053804265,749000,0,749000,0,299221.8574,45,1,680909.0909,299221.8574,381687.2335,749000
139,193394076185,1249000,0,1249000,0,391232.7,45,1,1135454.545,391232.7,744221.8455,1249000
139,680975169324,1099000,0,1099000,0,350515.35,45,1,999090.9091,350515.35,648575.5591,1099000
139,700053629400,849000,0,849000,0,377246.681,45,1,771818.1818,377246.681,394571.5009,849000
139,193395090319,1299000,0,1299000,0,411226.3575,45,1,1180909.091,411226.3575,769682.7334,1299000
139,700053629455,849000,0,849000,0,377569.4556,45,1,771818.1818,377569.4556,394248.7262,849000
139,190286362708,149000,-33.557046979866,199000,0,49656.34125,45,1,180909.0909,49656.34125,131252.7497,199000
139,700053287945,699000,0,699000,0,257419.927,45,1,635454.5455,257419.927,378034.6184,699000
139,700053629400,849000,0,849000,0,377246.681,45,1,771818.1818,377246.681,394571.5009,849000
139,700053288553,699000,0,699000,0,258135.7721,45,1,635454.5455,258135.7721,377318.7734,699000
139,700053843578,749000,0,749000,0,287285.13,45,1,680909.0909,287285.13,393623.9609,749000
139,193394088089,899000,0,899000,0,282052.4975,45,1,817272.7273,282052.4975,535220.2298,899000
139,700053843677,749000,0,749000,0,288770.4472,45,1,680909.0909,288770.4472,392138.6437,749000
139,700053843561,749000,0,749000,0,288703.4848,45,1,680909.0909,288703.4848,392205.6062,749000
139,700053843561,749000,0,749000,0,288703.4848,45,1,680909.0909,288703.4848,392205.6062,749000
139,700053288935,699000,0,699000,0,255817.8455,45,1,635454.5455,255817.8455,379636.7,699000
139,680975167078,1099000,0,1099000,0,350515.35,45,1,999090.9091,350515.35,648575.5591,1099000
139,193392111635,249000,0,249000,0,73024.03125,45,1,226363.6364,73024.03125,153339.6051,249000
139,888654796292,849000,0,849000,0,244149.2918,45,1,771818.1818,244149.2918,527668.8901,849000
139,772259446938,1149000,0,1149000,0,360400.8275,45,1,1044545.455,360400.8275,684144.627,1149000
139,193395063603,1199000,0,1199000,0,383227.2363,45,1,1090000,383227.2363,706772.7638,1199000
139,193392301036,399000,0,399000,0,127809.6188,45,1,362727.2727,127809.6188,234917.654,399000
139,772259435208,1199000,0,1199000,0,373358.6713,45,1,1090000,373358.6713,716641.3288,1199000
139,193392301036,399000,0,399000,0,127809.6188,45,1,362727.2727,127809.6188,234917.654,399000
139,700053630086,849000,0,849000,0,378414.0327,45,1,771818.1818,378414.0327,393404.1491,849000
139,193391172132,599000,0,599000,0,188853.0188,45,1,544545.4545,188853.0188,355692.4358,599000
139,700054939591,699000,0,699000,0,256833.1688,45,1,635454.5455,256833.1688,378621.3767,699000
139,700053338623,699000,0,699000,0,262952.0894,45,1,635454.5455,262952.0894,372502.4561,699000
139,193395008277,1199000,0,1199000,0,369587.5088,45,1,1090000,369587.5088,720412.4913,1199000
139,192826083838,1999000,20,1599200,0,553759.665,45,1,1453818.182,553759.665,900058.5168,1599200
139,193394055333,1099000,0,1099000,0,339972.2521,46,1,999090.9091,339972.2521,659118.657,1099000
139,191163131028,399000,0,399000,0,121305.8025,46,1,362727.2727,121305.8025,241421.4702,399000
139,193392111567,99000,0,99000,0,25492.55625,46,1,90000,25492.55625,64507.44375,99000
139,193394062072,1099000,0,1099000,0,305627.7525,45,1,999090.9091,305627.7525,693463.1566,1099000
139,772204279208,1549000,0,1549000,0,484450.585,45,1,1408181.818,484450.585,923731.2332,1549000
139,772204278164,1629000,0,1629000,0,518175.225,45,1,1480909.091,518175.225,962733.8659,1629000
139,193394061990,1099000,0,1099000,0,305644.003,45,1,999090.9091,305644.003,693446.9061,1099000
139,193392111635,249000,0,249000,0,73024.03125,45,1,226363.6364,73024.03125,153339.6051,249000
139,888366433898,449000,0,449000,0,141856.5375,45,1,408181.8182,141856.5375,266325.2807,449000
139,193394094233,1199000,0,1199000,0,372233.7163,45,1,1090000,372233.7163,717766.2838,1199000
139,193392114032,99000,0,99000,0,25257.72375,45,1,90000,25257.72375,64742.27625,99000
139,700053288874,699000,0,699000,0,255886.8098,45,1,635454.5455,255886.8098,379567.7357,699000
139,888654796216,849000,0,849000,0,223711.2675,45,1,771818.1818,223711.2675,548106.9143,849000
139,193391315133,1199000,0,1199000,0,362531.31,45,1,1090000,362531.31,727468.69,1199000
139,193392301036,399000,0,399000,0,127809.6188,45,1,362727.2727,127809.6188,234917.654,399000
139,772259442794,1249000,0,1249000,0,389599.1688,45,1,1135454.545,389599.1688,745855.3767,1249000
139,700053288959,699000,0,699000,0,255608.5265,45,1,635454.5455,255608.5265,379846.0189,699000
139,193395008611,1199000,0,1199000,0,369587.5088,45,1,1090000,369587.5088,720412.4913,1199000
139,772259446938,1149000,0,1149000,0,360400.8275,45,1,1044545.455,360400.8275,684144.627,1149000
139,193392111550,99000,0,99000,0,25319.1375,45,2,180000,50638.275,129361.725,198000
139,193394055340,1099000,0,1099000,0,318065.6252,45,1,999090.9091,318065.6252,681025.2839,1099000
139,772259446877,1149000,0,1149000,0,360400.8275,45,1,1044545.455,360400.8275,684144.627,1149000
139,772204279109,1549000,0,1549000,0,484450.585,45,1,1408181.818,484450.585,923731.2332,1549000
139,192826073358,1699000,20,1359200,0,474537.7287,45,1,1235636.364,474537.7287,761098.635,1359200
139,193392114032,99000,0,99000,0,25257.72375,45,1,90000,25257.72375,64742.27625,99000
139,193392111802,99000,0,99000,0,30001.44375,45,1,90000,30001.44375,59998.55625,99000
139,193392111550,99000,0,99000,0,25319.1375,45,1,90000,25319.1375,64680.8625,99000
139,772259435000,1199000,0,1199000,0,373358.6713,45,1,1090000,373358.6713,716641.3288,1199000
139,193395003272,999000,0,999000,0,309550.2709,45,1,908181.8182,309550.2709,598631.5473,999000
139,700053288959,699000,0,699000,0,255608.5265,45,1,635454.5455,255608.5265,379846.0189,699000
139,192824136390,1199000,0,1199000,0,345285.2375,45,1,1090000,345285.2375,744714.7625,1199000
139,193394052332,1099000,0,1099000,0,308511.9563,45,1,999090.9091,308511.9563,690578.9528,1099000
139,193392111550,99000,0,99000,0,25319.1375,45,1,90000,25319.1375,64680.8625,99000
139,772259435000,1199000,0,1199000,0,373358.6713,45,1,1090000,373358.6713,716641.3288,1199000
139,193394099856,1399000,0,1399000,0,457388.1675,45,1,1271818.182,457388.1675,814430.0143,1399000
139,193392111826,99000,0,99000,0,25319.1375,45,2,180000,50638.275,129361.725,198000
139,193392112342,129000,0,129000,0,35204.00625,45,1,117272.7273,35204.00625,82068.72102,129000
139,191165019232,99000,0,99000,99000,24742.26,45,1,0,24742.26,-24742.26,0
139,193392111826,99000,0,99000,0,25319.1375,45,1,90000,25319.1375,64680.8625,99000
139,700053288959,699000,0,699000,0,255608.5265,45,1,635454.5455,255608.5265,379846.0189,699000
139,193394088430,899000,0,899000,0,282052.4975,45,1,817272.7273,282052.4975,535220.2298,899000
139,193392114032,99000,0,99000,99000,25257.72375,45,1,0,25257.72375,-25257.72375,0
139,680975168563,1099000,0,1099000,0,350515.35,45,1,999090.9091,350515.35,648575.5591,1099000
139,772204278164,1629000,0,1629000,0,518175.225,45,1,1480909.091,518175.225,962733.8659,1629000
139,680975167917,1099000,0,1099000,0,350515.35,45,1,999090.9091,350515.35,648575.5591,1099000
139,193392111802,99000,0,99000,0,30001.44375,45,1,90000,30001.44375,59998.55625,99000
139,193395045210,1549000,0,1549000,0,500659.9313,45,1,1408181.818,500659.9313,907521.8869,1549000
139,193395086695,1499000,0,1499000,0,454169.795,45,1,1362727.273,454169.795,908557.4777,1499000
139,772259438865,1099000,0,1099000,0,340704.905,45,1,999090.9091,340704.905,658386.0041,1099000
139,772259439411,1099000,0,1099000,0,340704.905,45,1,999090.9091,340704.905,658386.0041,1099000
139,192825518935,1549000,0,1549000,0,533089.2375,45,1,1408181.818,533089.2375,875092.5807,1549000
139,193391315737,1099000,0,1099000,0,345888.0425,45,1,999090.9091,345888.0425,653202.8666,1099000
139,193391315157,1099000,0,1099000,0,345888.0425,45,1,999090.9091,345888.0425,653202.8666,1099000
139,192827013223,999000,0,999000,0,309491.0225,45,1,908181.8182,309491.0225,598690.7957,999000
139,193392106129,399000,0,399000,0,114456.375,45,1,362727.2727,114456.375,248270.8977,399000
139,193395008710,1199000,0,1199000,0,369587.5088,45,1,1090000,369587.5088,720412.4913,1199000
139,193391117904,599000,0,599000,0,324686.5068,45,1,544545.4545,324686.5068,219858.9478,599000
139,193392112342,129000,0,129000,0,35204.00625,45,1,117272.7273,35204.00625,82068.72102,129000
139,193391315232,1099000,0,1099000,0,345888.0425,45,1,999090.9091,345888.0425,653202.8666,1099000
139,193392301036,399000,0,399000,0,127809.6188,45,1,362727.2727,127809.6188,234917.654,399000
139,193395090319,1299000,0,1299000,0,411226.3575,45,1,1180909.091,411226.3575,769682.7334,1299000
139,193392112564,149000,0,149000,0,41620.5,45,1,135454.5455,41620.5,93834.04545,149000
139,700053338210,699000,0,699000,0,258603.3502,45,1,635454.5455,258603.3502,376851.1953,699000
139,617932498050,749000,0,749000,0,283661.2636,45,1,680909.0909,283661.2636,397247.8273,749000
139,192826070968,1599000,0,1599000,0,489843.1561,45,1,1453636.364,489843.1561,963793.2075,1599000
139,193391170312,949000,0,949000,0,295332.1313,45,1,862727.2727,295332.1313,567395.1415,949000
139,772259438131,1099000,0,1099000,0,340704.905,45,1,999090.9091,340704.905,658386.0041,1099000
139,772259439565,1099000,0,1099000,0,340704.905,45,1,999090.9091,340704.905,658386.0041,1099000
139,772259439275,1099000,0,1099000,0,340704.905,45,1,999090.9091,340704.905,658386.0041,1099000
139,772259438445,1099000,0,1099000,0,340704.905,45,1,999090.9091,340704.905,658386.0041,1099000
139,193395063603,1199000,0,1199000,0,383227.2363,45,1,1090000,383227.2363,706772.7638,1199000
139,193391315232,1099000,0,1099000,0,345888.0425,45,1,999090.9091,345888.0425,653202.8666,1099000
139,193392112311,149000,0,149000,0,36938.19375,45,1,135454.5455,36938.19375,98516.3517,149000
139,192825518898,1549000,0,1549000,0,533089.2375,45,1,1408181.818,533089.2375,875092.5807,1549000
139,772259281966,749000,0,749000,0,213058.35,45,1,680909.0909,213058.35,467850.7409,749000
139,772259439756,1099000,0,1099000,0,340704.905,45,1,999090.9091,340704.905,658386.0041,1099000
139,700053338234,699000,0,699000,0,258584.2233,45,1,635454.5455,258584.2233,376870.3221,699000
139,193395054045,1599000,0,1599000,0,492623.04,45,1,1453636.364,492623.04,961013.3236,1599000
139,193391172415,699000,0,699000,0,218681.0438,45,1,635454.5455,218681.0438,416773.5017,699000
139,888654796209,849000,0,849000,0,223711.2675,45,1,771818.1818,223711.2675,548106.9143,849000
139,193394069293,799000,0,799000,0,245857.7863,45,1,726363.6364,245857.7863,480505.8501,799000
139,772259283229,749000,0,749000,0,213058.35,45,1,680909.0909,213058.35,467850.7409,749000
121,193395008116,1199000,0,1199000,0,369587.5088,45,1,1090000,369587.5088,720412.4913,1199000
121,032546871042,849000,0,849000,0,377554.7952,45,1,771818.1818,377554.7952,394263.3866,849000
121,193394085972,899000,0,899000,0,260528.9864,45,1,817272.7273,260528.9864,556743.7409,899000
121,680975168624,1099000,0,1099000,0,350515.35,45,1,999090.9091,350515.35,648575.5591,1099000
121,193392312261,399000,0,399000,0,138041.325,45,1,362727.2727,138041.325,224685.9477,399000
121,191163131028,399000,0,399000,0,121305.8025,45,1,362727.2727,121305.8025,241421.4702,399000
121,193395087357,2199000,0,2199000,0,705326.2313,45,1,1999090.909,705326.2313,1293764.678,2199000
121,700053843608,749000,0,749000,0,288715.8471,45,1,680909.0909,288715.8471,392193.2438,749000
121,193394071074,749000,0,749000,0,213043.4243,45,1,680909.0909,213043.4243,467865.6666,749000
121,700053287976,699000,0,699000,0,256263.2973,45,1,635454.5455,256263.2973,379191.2482,699000
121,700053804067,749000,0,749000,0,300805.0493,45,1,680909.0909,300805.0493,380104.0416,749000
121,193394052004,1099000,0,1099000,0,306953.714,45,1,999090.9091,306953.714,692137.1951,1099000
121,032546871028,849000,0,849000,0,386314.4609,45,1,771818.1818,386314.4609,385503.7209,849000
121,193395084271,2199000,0,2199000,0,703092.555,45,1,1999090.909,703092.555,1295998.354,2199000
121,193394093298,1099000,0,1099000,0,338394.2875,45,1,999090.9091,338394.2875,660696.6216,1099000
121,193394051533,999000,0,999000,0,300492.1046,45,1,908181.8182,300492.1046,607689.7136,999000
121,193395084066,1299000,0,1299000,0,402981.2175,45,1,1180909.091,402981.2175,777927.8734,1299000
121,700053804241,749000,0,749000,0,300584.6018,45,1,680909.0909,300584.6018,380324.4891,749000
121,193395077952,1749000,0,1749000,0,558061.5375,45,1,1590000,558061.5375,1031938.463,1749000
121,193395077709,1749000,0,1749000,0,558061.5375,45,1,1590000,558061.5375,1031938.463,1749000
121,193395087111,2199000,0,2199000,0,705326.2313,45,1,1999090.909,705326.2313,1293764.678,2199000
121,700053288539,699000,0,699000,0,258051.8299,45,1,635454.5455,258051.8299,377402.7155,699000
121,700053804241,749000,0,749000,0,300584.6018,45,1,680909.0909,300584.6018,380324.4891,749000
121,700053288591,699000,0,699000,0,257320.1598,45,1,635454.5455,257320.1598,378134.3856,699000
121,193391172217,649000,0,649000,0,194749.2563,45,1,590000,194749.2563,395250.7438,649000
121,193395005146,999000,0,999000,0,312626.16,45,1,908181.8182,312626.16,595555.6582,999000
121,193395024642,1099000,0,1099000,0,351228.5703,45,1,999090.9091,351228.5703,647862.3388,1099000
121,700053288539,699000,0,699000,0,258051.8299,45,1,635454.5455,258051.8299,377402.7155,699000
121,700053630048,849000,0,849000,0,377549.5308,45,1,771818.1818,377549.5308,394268.651,849000
121,191163131028,399000,0,399000,0,121305.8025,45,1,362727.2727,121305.8025,241421.4702,399000
121,700053630024,849000,0,849000,0,377765.9407,45,1,771818.1818,377765.9407,394052.2411,849000
121,700053629394,849000,0,849000,0,377166.5671,45,1,771818.1818,377166.5671,394651.6147,849000
121,700053843509,749000,0,749000,0,288594.4068,45,1,680909.0909,288594.4068,392314.6841,749000
121,193394055180,1099000,0,1099000,0,314237.5656,45,1,999090.9091,314237.5656,684853.3435,1099000
121,700053630017,849000,0,849000,0,374913.9675,45,1,771818.1818,374913.9675,396904.2143,849000
121,700053630031,849000,0,849000,0,374913.9675,45,1,771818.1818,374913.9675,396904.2143,849000
121,192824168803,949000,0,949000,0,297690.6476,45,1,862727.2727,297690.6476,565036.6252,949000
121,193395053840,1599000,0,1599000,0,492623.04,45,1,1453636.364,492623.04,961013.3236,1599000
121,193392111826,99000,0,99000,0,25319.1375,45,1,90000,25319.1375,64680.8625,99000
121,680975167986,1099000,0,1099000,0,350515.35,45,1,999090.9091,350515.35,648575.5591,1099000
121,193392312261,399000,0,399000,0,138041.325,45,1,362727.2727,138041.325,224685.9477,399000
121,193394057177,999000,0,999000,0,305981.0576,45,1,908181.8182,305981.0576,602200.7606,999000
121,192825081446,349000,0,349000,0,117231.075,45,1,317272.7273,117231.075,200041.6523,349000
121,193391173597,499000,0,499000,0,151047.7313,45,1,453636.3636,151047.7313,302588.6324,499000
121,193394076550,1249000,0,1249000,0,391232.7,45,1,1135454.545,391232.7,744221.8455,1249000
121,193394055340,1099000,0,1099000,0,318065.6252,45,1,999090.9091,318065.6252,681025.2839,1099000
121,700053288867,699000,0,699000,0,255824.3663,45,1,635454.5455,255824.3663,379630.1792,699000
121,192362289886,99000,0,99000,99000,27262.8,45,1,0,27262.8,-27262.8,0
121,193391123066,449000,0,449000,0,144978.075,45,1,408181.8182,144978.075,263203.7432,449000
121,772259438582,1099000,0,1099000,0,340704.905,45,1,999090.9091,340704.905,658386.0041,1099000
121,193394097234,799000,0,799000,0,253923.1322,45,1,726363.6364,253923.1322,472440.5041,799000
121,193395066475,1299000,0,1299000,0,394157.9475,45,1,1180909.091,394157.9475,786751.1434,1299000
121,193395090357,1299000,0,1299000,0,411226.3575,45,1,1180909.091,411226.3575,769682.7334,1299000
121,193392114032,99000,0,99000,99000,25257.72375,45,1,0,25257.72375,-25257.72375,0
121,808390853066,1349000,0,1349000,0,423937.615,45,1,1226363.636,423937.615,802426.0214,1349000
121,192824355364,99000,0,99000,99000,25375.5,45,1,0,25375.5,-25375.5,0
121,808390007964,99000,0,99000,99000,26223.19515,45,1,0,26223.19515,-26223.19515,0
121,700053843493,749000,0,749000,0,288485.9068,45,1,680909.0909,288485.9068,392423.1841,749000
121,193394069293,799000,0,799000,0,245857.7863,45,1,726363.6364,245857.7863,480505.8501,799000
121,192824389697,99000,0,99000,0,31215.375,45,1,90000,31215.375,58784.625,99000
121,193395090319,1299000,0,1299000,0,411226.3575,45,1,1180909.091,411226.3575,769682.7334,1299000
121,193391170916,499000,0,499000,0,146538.8438,45,1,453636.3636,146538.8438,307097.5199,499000
121,193392301203,149000,0,149000,0,36417.9375,45,1,135454.5455,36417.9375,99036.60795,149000
121,193392112526,149000,0,149000,0,54453.4875,45,1,135454.5455,54453.4875,81001.05795,149000
121,700053288973,699000,0,699000,0,255958.0421,45,1,635454.5455,255958.0421,379496.5034,699000
121,192824389697,99000,0,99000,0,31215.375,45,1,90000,31215.375,58784.625,99000
121,808390007964,99000,0,99000,99000,26223.19515,45,1,0,26223.19515,-26223.19515,0
121,193392111826,99000,0,99000,0,25319.1375,45,1,90000,25319.1375,64680.8625,99000
121,772259438445,1099000,0,1099000,0,340704.905,45,1,999090.9091,340704.905,658386.0041,1099000
121,887040637799,799000,0,799000,0,216651.4028,45,1,726363.6364,216651.4028,509712.2336,799000
121,193395077952,1749000,0,1749000,0,558061.5375,45,1,1590000,558061.5375,1031938.463,1749000
121,700053288959,699000,0,699000,0,255608.5265,45,1,635454.5455,255608.5265,379846.0189,699000
121,193391315607,1099000,0,1099000,0,345888.0425,45,1,999090.9091,345888.0425,653202.8666,1099000
121,193395063597,1149000,0,1149000,0,342569.25,45,1,1044545.455,342569.25,701976.2045,1149000
121,193392111802,99000,0,99000,0,30001.44375,45,1,90000,30001.44375,59998.55625,99000
121,193395063016,1149000,0,1149000,0,342569.25,46,1,1044545.455,342569.25,701976.2045,1149000
121,193395053956,1599000,0,1599000,0,493807.23,45,1,1453636.364,493807.23,959829.1336,1599000
121,032546871035,849000,0,849000,0,374913.9675,45,1,771818.1818,374913.9675,396904.2143,849000
121,192824389697,99000,0,99000,0,31215.375,45,1,90000,31215.375,58784.625,99000
121,772259438582,1099000,0,1099000,0,340704.905,45,1,999090.9091,340704.905,658386.0041,1099000
121,193392168479,399000,0,399000,0,113415.8625,45,1,362727.2727,113415.8625,249311.4102,399000
121,193395000059,1399000,0,1399000,0,457388.1675,45,1,1271818.182,457388.1675,814430.0143,1399000
121,193395087241,1499000,0,1499000,0,454169.795,45,1,1362727.273,454169.795,908557.4777,1499000
121,192824389697,99000,0,99000,0,31215.375,45,1,90000,31215.375,58784.625,99000
121,193394052516,1099000,0,1099000,0,307157.9248,45,1,999090.9091,307157.9248,691932.9843,1099000
121,193391316796,1399000,0,1399000,0,454042.845,45,1,1271818.182,454042.845,817775.3368,1399000
121,193395018412,1449000,0,1449000,0,446629.0656,45,1,1317272.727,446629.0656,870643.6616,1449000
121,193395028794,1199000,0,1199000,0,363158.9067,45,1,1090000,363158.9067,726841.0933,1199000
121,193392111772,149000,0,149000,0,34683.75,45,1,135454.5455,34683.75,100770.7955,149000
121,700053288720,699000,0,699000,0,262957.6607,45,1,635454.5455,262957.6607,372496.8848,699000
121,193392111819,99000,0,99000,0,30001.44375,45,1,90000,30001.44375,59998.55625,99000
121,193392111826,99000,0,99000,0,25319.1375,45,1,90000,25319.1375,64680.8625,99000
121,193394064748,799000,0,799000,0,247422.6,45,1,726363.6364,247422.6,478941.0364,799000
121,193395053598,1549000,0,1549000,0,521161.5575,45,1,1408181.818,521161.5575,887020.2607,1549000
121,193391315928,1199000,0,1199000,0,362531.31,45,1,1090000,362531.31,727468.69,1199000
121,193395024802,1099000,0,1099000,0,350779.6904,45,1,999090.9091,350779.6904,648311.2187,1099000
